101.06098250370194,0.0,100.0,3.161188293167693E-7,0.9999996236513345,6.022983599509019E-8
99.1370098918537,0.0,100.0,3.2393437356634327E-7,0.9999996359809092,4.00847172340367E-8
1.161038718131618,0.0,0.0,0.999999897027548,1.0297201515039303E-7,4.368167090427523E-13
99.19302094520688,0.0,100.0,3.071036901020846E-7,0.9999996544137535,3.848255633989817E-8
1.1862779484618524,0.0,0.0,0.9999998936267973,1.063727515537841E-7,4.512206125519827E-13
1.7136672096592742,0.0,0.0,0.9999997587778905,2.4122108828109753E-7,1.0213179144518457E-12
198.14413995307189,0.0,200.0,5.84209355022861E-11,2.074112221570897E-6,0.9999979258293573
199.72556685049264,0.0,200.0,9.165258124877305E-12,3.242235578368186E-7,0.9999996757672769
100.78265009131722,0.0,100.0,2.5199764886387326E-7,0.999999702895839,4.510651230732527E-8
1.7595435678653433,0.0,0.0,0.9999997377833492,2.622155409212821E-7,1.1098990091870572E-12
0.9253505937251536,0.0,0.0,0.9999999216415241,7.835814325520125E-8,3.325218650856864E-13
-0.5464419128860802,0.0,0.0,0.9999999498348391,5.016494775241851E-8,2.129443981382475E-13
201.36112551149216,0.0,200.0,1.8604046185336823E-11,6.589107087806507E-7,0.999999341070687
-1.3887245746533434,0.0,0.0,0.9999998966176885,1.0338187315056153E-7,4.3831445124136997E-13
10.754809377776116,1.0,0.0,0.9999263036574697,7.369601686132311E-5,3.2566912005932693E-10
0.7147549283010983,0.0,0.0,0.9999999356825652,6.431716181136673E-8,2.72991878729482E-13
98.38230812995842,0.0,100.0,8.974903044018804E-7,0.9999990087532592,9.375643654250935E-8
-1.0709344279477502,0.0,0.0,0.9999999275193208,7.248037182476651E-8,3.0751687918824E-13
0.2336541693951583,0.0,0.0,0.9999999516003524,4.839944222753999E-8,2.0546455956894379E-13
1.2047461795615821,1.0,0.0,0.9999998910244411,1.0897509665484129E-7,4.622419764514287E-13
0.8026320389014558,0.0,0.0,0.9999999305330705,6.946663477038788E-8,2.9482741960751027E-13
100.15932153912257,0.0,100.0,2.0092482398866684E-7,0.9999997678035422,3.127163407481036E-8
101.37875522822857,0.0,100.0,4.4949836405781417E-7,0.9999994585294566,9.19721791683849E-8
1.0692665238508328,0.0,0.0,0.9999999080189321,9.19806775632083E-8,3.902530641594039E-13
0.0021514303460852596,0.0,0.0,0.9999999541328057,4.586699966767426E-8,1.9470737440941325E-13
100.80649486545745,0.0,100.0,2.5616554246547793E-7,0.9999996977359774,4.609848023568585E-8
0.15521286445265614,0.0,0.0,0.9999999527606199,4.723917943496509E-8,2.0053839455390235E-13
201.41087600437444,0.0,200.0,1.9813190288197658E-11,7.018396851814431E-7,0.9999992981405017
199.08607452043356,0.0,200.0,1.4439338615205328E-11,5.10976607203668E-7,0.9999994890089534
1.7262777218375764,0.0,0.0,0.9999997532266653,2.467722898494907E-7,1.0447443801729332E-12
1.6123788756302084,0.0,0.0,0.9999997980138822,2.019852621569856E-7,8.556467695445876E-13
1.4141194052211887,0.0,0.0,0.9999998533168364,1.4668254184712492E-7,6.218504848968324E-13
-1.0014448066316886,0.0,0.0,0.9999999320452048,6.795450668842422E-8,2.883446082836355E-13
0.4056941030844017,0.0,0.0,0.9999999478340604,5.2165718036347323E-8,2.2144823327639292E-13
-0.05502761616093245,0.0,0.0,0.9999999543539008,4.564590550038456E-8,1.9377155247503903E-13
201.51996816956154,0.0,200.0,2.293388345819205E-11,8.126931456480261E-7,0.9999991872839205
99.92090578413288,0.0,100.0,2.0437141923608318E-7,0.9999997654769492,3.0151631616909596E-8
100.24229364473392,0.0,100.0,2.0245514714559202E-7,0.9999997654430897,3.2101763184702786E-8
100.8373619985574,0.0,100.0,2.6188390960938187E-7,0.9999996906610827,4.7455007552854205E-8
0.02651720309014811,0.0,0.0,0.9999999539898867,4.600991794087932E-8,1.9531543359461957E-13
1.8737854967213636,0.0,0.0,0.9999996746090878,3.253895360076849E-7,1.3761717107211174E-12
-0.27693159600020867,0.0,0.0,0.9999999537798786,4.621992527749863E-8,1.96211760464582E-13
-1.429607552542409,0.0,0.0,0.9999998910153964,1.0898414160024516E-7,4.620078082475838E-13
99.711728792865,0.0,100.0,2.1753847948759673E-7,0.9999997518384408,3.0623079572948065E-8
2.1899494027843285,0.0,0.0,0.9999993749509768,6.250463892401717E-7,2.6338474336470685E-12
95.72189650171838,1.0,100.0,6.60663964003623E-5,0.9999301642914813,3.769312118387143E-6
0.9954907193814971,0.0,0.0,0.9999999154913439,8.450829742140087E-8,3.5858862309123535E-13
99.87768991961039,0.0,100.0,2.062773719615532E-7,0.9999997635833957,3.0139232460846464E-8
100.35957751781677,0.0,100.0,2.070752436242372E-7,0.9999997592151254,3.370963120417575E-8
1.066776318206151,0.0,0.0,0.999999908289647,9.170996377730188E-8,3.8910602734247434E-13
-0.713787505060218,0.0,0.0,0.9999999452427832,5.475698442583014E-8,2.3241421083556067E-13
102.398855602405,0.0,100.0,2.5657585889002666E-6,0.9999967739286358,6.603127752031393E-7
199.688672569701,0.0,200.0,9.304436382125934E-12,3.291481312021853E-7,0.9999996708425644
-0.36847409519914687,0.0,0.0,0.9999999528641013,4.71356987010022E-8,2.000969737361495E-13
-5.472292374313227,1.0,0.0,0.9999940459137372,5.954062739759719E-6,2.3522829908416316E-11
-1.3499200472700164,0.0,0.0,0.9999999015229056,9.847667682702368E-8,4.1756430038282246E-13
98.96872213083246,0.0,100.0,3.874580162370639E-7,0.999999566373072,4.616891184235044E-8
101.48785755736489,0.0,100.0,5.187740419313412E-7,0.9999993724479557,1.0877800247972958E-7
-0.5045794774048628,0.0,0.0,0.9999999507058934,4.9293897206232566E-8,2.0925056037818397E-13
-0.5857226035544856,0.0,0.0,0.9999999489218132,5.107797009973498E-8,2.1681597007679349E-13
99.36232743509755,0.0,100.0,2.663886223530934E-7,0.9999996989385433,3.467283429105069E-8
100.3051675956719,0.0,100.0,2.045660103261206E-7,0.9999997625368082,3.289718140010236E-8
16.184384733802624,1.0,0.0,0.9997323303730385,2.6766830263194943E-4,1.3243296487886443E-9
0.9887234418288522,0.0,0.0,0.9999999161230091,8.387663509076003E-8,3.559116135566255E-13
100.13077709124678,0.0,100.0,2.007229646438601E-7,0.99999976823621,3.1040825545933097E-8
-0.012842930181656362,0.0,0.0,0.9999999542056534,4.579415213740609E-8,1.943987498661074E-13
0.7862036357928549,0.0,0.0,0.9999999315662673,6.843344207201902E-8,2.9044663035685977E-13
99.68882566829616,0.0,100.0,2.196184411620186E-7,0.9999997496241062,3.075745268575407E-8
0.10049568725321376,0.0,0.0,0.9999999533824943,4.6617307693737535E-8,1.978970372971198E-13
-0.5129713489522401,0.0,0.0,0.9999999505394809,4.946030925734178E-8,2.0995627882161595E-13
0.12166935297207473,0.0,0.0,0.9999999531596082,4.6840192814530125E-8,1.9884385803866818E-13
0.6811396864800224,0.0,0.0,0.999999937422206,6.257752828536379E-8,2.6561434886933327E-13
0.8664801779090451,0.0,0.0,0.9999999261789104,7.382077637923334E-8,3.1328758467382126E-13
99.78693530721456,0.0,100.0,2.1163166546797525E-7,0.9999997580699131,3.029842129957228E-8
-0.7088387473447368,0.0,0.0,0.9999999454064151,5.4593353059455567E-8,2.31720517648936E-13
1.9563753167931448,0.0,0.0,0.9999996170146087,3.829837728311545E-7,1.6185742147483327E-12
-0.037284047317557995,0.0,0.0,0.9999999543015999,4.569820604898651E-8,1.9399274099526436E-13
99.77624085139344,0.0,100.0,2.1238785631894133E-7,0.999999757278318,3.033382557768501E-8
198.59382172736613,0.0,200.0,2.6998146390272463E-11,9.563368857309786E-7,0.9999990436361162
0.15441069924039447,0.0,0.0,0.9999999527708268,4.72289728873105E-8,2.0049505099110616E-13
99.92243082509445,0.0,100.0,2.0431151358760932E-7,0.9999997655353795,3.015310688637247E-8
0.4087139761030578,0.0,0.0,0.9999999477514865,5.2248291802782863E-8,2.2179860086303438E-13
200.2446703692253,0.0,200.0,8.579511037758509E-12,3.035021825821022E-7,0.9999996964892379
0.5138086060530566,0.0,0.0,0.9999999444784545,5.552130964988423E-8,2.3568481390952436E-13
98.87706775138963,0.0,100.0,4.322098507892498E-7,0.9999995173369297,5.045321957614897E-8
102.07462507218278,0.0,100.0,1.349665646016158E-6,0.9999983274590442,3.228753098021539E-7
99.69927263424687,0.0,100.0,2.1865289988547286E-7,0.9999997506530256,3.069407440649691E-8
0.6404912715150107,0.0,0.0,0.9999999393715178,6.062822463828751E-8,2.5734707605033524E-13
100.00281516559511,0.0,100.0,2.0184900301552594E-7,0.9999997678192911,3.033170583495548E-8
101.07691915769642,0.0,100.0,3.209933505221667E-7,0.9999996176290069,6.137764263442296E-8
-0.5273817030097497,0.0,0.0,0.9999999502441935,4.9755595342187234E-8,2.1120850121482106E-13
-1.9829189424400773,0.0,0.0,0.9999997410659229,2.589329828721933E-7,1.0940197599247108E-12
-0.020539874920722807,0.0,0.0,0.9999999542388648,4.576094093820347E-8,1.9425819024921076E-13
-1.6026871588933616,0.0,0.0,0.9999998613254217,1.3867399088430388E-7,5.874749313467539E-13
100.65959429468917,0.0,100.0,2.3364331674134007E-7,0.9999997256742108,4.068247256698815E-8
199.64737549575696,0.0,200.0,9.478119278268383E-12,3.352942207381233E-7,0.9999996646963012
101.60275195218436,0.0,100.0,6.106660733949026E-7,0.9999992579422862,1.313916402368196E-7
101.92267958015957,0.0,100.0,1.0242336779449084E-6,0.9999987389723017,2.3679402034920483E-7
-1.5672835792278954,0.0,0.0,0.9999998682946507,1.3170479140472125E-7,5.58038415992106E-13
1.5255524182648965,0.0,0.0,0.9999998252167486,1.747825106108338E-7,7.406873022684475E-13
-1.3580371059168848,0.0,0.0,0.9999999005283642,9.947121399345949E-8,4.2177179905358765E-13
-0.3864036583133825,0.0,0.0,0.99999995263582,4.7363978815111815E-8,2.010653091647515E-13
99.37497136548689,0.0,100.0,2.6387777879415696E-7,0.9999997016786394,3.4443581885864295E-8
-1.2156666237952496,0.0,0.0,0.9999999158283768,8.417126635436992E-8,3.570228118652392E-13
-1.9504952793212682,0.0,0.0,0.9999997556730351,2.4432593229758854E-7,1.0326333835017445E-12
-0.3231621037924929,0.0,0.0,0.999999953368879,4.6630922890192867E-8,1.9795559588318894E-13
-1.9022770019982331,0.0,0.0,0.9999997755299004,2.244691505090094E-7,9.491231952799716E-13
99.63920489972291,0.0,100.0,2.246001019687958E-7,0.9999997442929459,3.1106952121797216E-8
-1.0973798094474363,0.0,0.0,0.9999999256258371,7.437384745951666E-8,3.1553674238067083E-13
0.6397999638515235,0.0,0.0,0.9999999394032718,6.05964711033026E-8,2.5721239972288883E-13
1.5578081914433537,0.0,0.0,0.9999998157184111,1.842808078988142E-7,7.808365074291314E-13
98.35503111090024,0.0,100.0,9.406959642193241E-7,0.9999989616341023,9.766993338280378E-8
0.14012547062998293,0.0,0.0,0.9999999529471063,4.7052694061609424E-8,1.9974642181050406E-13
-0.19604868068423162,0.0,0.0,0.9999999542538067,4.574599907018471E-8,1.9420010737768886E-13
99.7914976743849,0.0,100.0,2.113173023937518E-7,0.9999997583983047,3.028439284392016E-8
1.0601975277809133,0.0,0.0,0.9999999089983375,9.100127641215935E-8,3.86103217196202E-13
-1.0848534711871118,0.0,0.0,0.9999999265351123,7.346457595558335E-8,3.1168558789395747E-13
0.14102289099863094,0.0,0.0,0.9999999529363367,4.706346361821541E-8,1.9979216053127867E-13
-0.48841631592576773,0.0,0.0,0.9999999510150659,4.898472618430316E-8,2.079394043154529E-13
-0.21466311973164373,0.0,0.0,0.9999999541719564,4.5827849195303834E-8,1.9454766940058783E-13
0.21076096552123375,0.0,0.0,0.9999999519726972,4.802709887742377E-8,2.0388387789720906E-13
-2.1642636049450483,1.0,0.0,0.999999636330563,3.6366790410400876E-7,1.533053010486371E-12
100.47976172271832,0.0,100.0,2.1498672739366754E-7,0.9999997490593829,3.595388967893987E-8
0.5763300777777685,0.0,0.0,0.9999999421308151,5.7868939298466476E-8,2.4564347177815993E-13
100.68235888483919,0.0,100.0,2.3666447930268119E-7,0.9999997219160176,4.141950302158291E-8
101.23081984470907,0.0,100.0,3.769164997316369E-7,0.9999995484805313,7.460296888973235E-8
98.39533150396926,0.0,100.0,8.777793679490599E-7,0.999999030254798,9.196583436825971E-8
99.7701349709782,0.0,100.0,2.1283181307745875E-7,0.9999997568125593,3.035562768362085E-8
0.8591983702500776,0.0,0.0,0.9999999267040154,7.329567361780999E-8,3.1106145360168915E-13
0.9210351628010806,0.0,0.0,0.9999999219925291,7.800713995008854E-8,3.3103402893528355E-13
100.71297673003559,0.0,100.0,2.4098667867171323E-7,0.9999997165466928,4.246662846929388E-8
199.35261868333743,0.0,200.0,1.1367424715784577E-11,4.0217512301764005E-7,0.9999995978135093
1.2219697371656049,0.0,0.0,0.9999998885066914,1.114928357581653E-7,4.729042536006296E-13
-0.6130177351545059,0.0,0.0,0.9999999482304158,5.176936435165548E-8,2.1974759557497326E-13
0.7475630598581677,0.0,0.0,0.9999999338660134,6.613370609560897E-8,2.80695090414998E-13
-0.1260542967950133,0.0,0.0,0.9999999544179425,4.5581863780444064E-8,1.9350217102171882E-13
198.28017770912945,0.0,200.0,4.537613370591174E-11,1.6095043383962342E-6,0.9999983904502854
107.596467985051,1.0,100.0,2.7434036299794136E-5,0.9999498318046739,2.2734159026340818E-5
99.14807799373509,0.0,100.0,3.204575397322039E-7,0.999999639789393,3.975306729579544E-8
101.14922732647041,0.0,100.0,3.451530403591532E-7,0.9999995877702569,6.707670284629758E-8
-1.9955668412714522,0.0,0.0,0.9999997350734809,2.6492540001805336E-7,1.1191918923171318E-12
-0.5343810922364844,0.0,0.0,0.999999950096374,4.9903414103884964E-8,2.1183534662746246E-13
1.432164528780905,0.0,0.0,0.9999998492144468,1.507849140672945E-7,6.392052257926867E-13
112.6532830846892,1.0,100.0,3.0512671855000404E-5,0.9998927563315362,7.673099660878248E-5
200.92069734420602,0.0,200.0,1.1827408227284542E-11,4.1854947963159426E-7,0.9999995814386928
200.36814062131887,0.0,200.0,8.791611138872077E-12,3.110094729373726E-7,0.9999996889817354
100.84303187435751,0.0,100.0,2.6297523842489044E-7,0.9999996893113469,4.771341468971645E-8
0.6874193105281535,0.0,0.0,0.9999999371062428,6.289349039506392E-8,2.6695433224860684E-13
0.8483810549274466,0.0,0.0,0.9999999274701156,7.252957663212629E-8,3.0781358033360467E-13
99.49368146317877,0.0,100.0,2.4332492100450134E-7,0.9999997240570955,3.2617983316347866E-8
198.9838959267987,0.0,200.0,1.6124866301189938E-11,5.706989554237044E-7,0.9999994292849198
99.51106374037154,0.0,100.0,2.4073877356828586E-7,0.999999726863841,3.23973856009667E-8
0.4084177826474372,0.0,0.0,0.9999999477596124,5.224016585920733E-8,2.2176412188037452E-13
100.32143322840233,0.0,100.0,2.052487704795241E-7,0.9999997616235992,3.312763038748723E-8
1.6263997952901583,0.0,0.0,0.9999997931046594,2.068944642743979E-7,8.763846173143283E-13
98.30603824154117,0.0,100.0,1.025336989910406E-6,0.9999988693697395,1.0529327039880257E-7
100.55040776103615,0.0,100.0,2.2127271487441966E-7,0.999999741131033,3.759625196006291E-8
100.22595218402662,0.0,100.0,2.0204188022611748E-7,0.9999997660391039,3.191901571629786E-8
100.65024288402182,0.0,100.0,2.3244843062214823E-7,0.9999997271619702,4.038959921556949E-8
0.7021451813093121,0.0,0.0,0.9999999363491744,6.365055555797515E-8,2.7016495431510036E-13
0.6547983359516737,0.0,0.0,0.9999999387040149,6.12957248193913E-8,2.6017810758391116E-13
198.0116460904435,0.0,200.0,7.584362113268196E-11,2.6958728980683416E-6,0.9999973040512582
102.40696600389211,0.0,100.0,2.609239710648358E-6,0.9999967180266238,6.727336654091614E-7
99.7828638448277,0.0,100.0,2.1191635420530077E-7,0.9999997577721627,3.0311483015446974E-8
-0.12814744012549625,0.0,0.0,0.9999999544163103,4.5583496284138524E-8,1.9350915421052755E-13
0.4143949254843156,0.0,0.0,0.999999947594491,5.240528675149232E-8,2.2246473811540718E-13
198.42184260647636,0.0,200.0,3.5489877663756696E-11,1.257932771378575E-6,0.9999987420317389
200.90751546445568,0.0,200.0,1.1702440070379897E-11,4.1412077305534995E-7,0.9999995858675246
201.32967611335224,0.0,200.0,1.7899846798271638E-11,6.339148603725008E-7,0.9999993660672397
-0.6065556767781057,0.0,0.0,0.9999999483984285,5.1601352527742064E-8,2.1903520962582205E-13
0.73400059512776,0.0,0.0,0.9999999346316237,6.53680987972102E-8,2.7744852645905643E-13
99.37615773665354,0.0,100.0,2.6364557484367266E-7,0.9999997019319927,3.442243238931839E-8
0.5885917414017173,0.0,0.0,0.9999999416320167,5.836773542764057E-8,2.477592319177679E-13
-1.5233689425062642,0.0,0.0,0.9999998762541271,1.2374534861738396E-7,5.244082220686444E-13
97.40310468862096,0.0,100.0,6.97083938789361E-6,0.9999924450581348,5.841024770769782E-7
98.69073118914416,0.0,100.0,5.536301839184941E-7,0.9999993843892422,6.198057376133144E-8
-0.9887941740759294,0.0,0.0,0.9999999328037188,6.719599599977297E-8,2.8513104202079944E-13
-0.6113370699232473,0.0,0.0,0.9999999482743741,5.1725406454595964E-8,2.195612106757265E-13
-0.2130122293016901,0.0,0.0,0.9999999541798683,4.5819937113251825E-8,1.9451407651182383E-13
1.9247633256084142,0.0,0.0,0.9999996404150951,3.5958338487827945E-7,1.520126667557539E-12
-0.960326971529242,0.0,0.0,0.9999999344417805,6.555794122118605E-8,2.781907383906625E-13
99.33173378261424,0.0,100.0,2.727439845879272E-7,0.9999996919987768,3.525723879512959E-8
-0.11373805058663132,0.0,0.0,0.9999999544234683,4.557633823800974E-8,1.9347837943174604E-13
-0.1754440894847731,0.0,0.0,0.9999999543256309,4.5674175156691985E-8,1.938949942162804E-13
-0.4364802986715905,0.0,0.0,0.9999999519099952,4.808980069996695E-8,2.0414391408738102E-13
0.9966799862594223,0.0,0.0,0.9999999153794499,8.462019102605147E-8,3.5906282727962364E-13
1.7829978336572114,0.0,0.0,0.9999997261559722,2.7384286893688583E-7,1.1589379716557758E-12
1.221349102851282,0.0,0.0,0.9999998885989778,1.1140054957932712E-7,4.725134476544089E-13
1.5069440668106242,0.0,0.0,0.9999998303967814,1.6960249967058187E-7,7.187872642624478E-13
0.28686042937331796,0.0,0.0,0.9999999506231135,4.937667684146805E-8,2.0961257152898945E-13
99.46434207330586,0.0,100.0,2.4792397170369604E-7,0.9999997190595507,3.301647785829574E-8
-1.2903941747923522,0.0,0.0,0.9999999083411345,9.165847665686839E-8,3.887140852419449E-13
-0.9351034676183806,0.0,0.0,0.9999999358167376,6.41829901322718E-8,2.7236476827095064E-13
-0.6403186824275715,0.0,0.0,0.9999999474902715,5.2509505535866457E-8,2.2288577649690762E-13
99.22592916418101,0.0,100.0,2.9806052360729287E-7,0.9999996643133507,3.762612565112572E-8
-0.7793839431699972,0.0,0.0,0.9999999428949538,5.710480417167969E-8,2.4236681743838744E-13
100.60381189303341,0.0,100.0,2.2689991934953264E-7,0.9999997340830876,3.901699318444271E-8
100.6397940459809,0.0,100.0,2.3114450815848356E-7,0.9999997287864887,4.006900321740626E-8
0.9340093841520506,0.0,0.0,0.9999999209280627,7.907160185353485E-8,3.355460308536669E-13
100.71258857691058,0.0,100.0,2.409299790348517E-7,0.9999997166170809,4.245294014286311E-8
199.80624721269706,0.0,200.0,8.910561529902309E-12,3.1521328060317043E-7,0.999999684777809
98.690370664303,0.0,100.0,5.539135737807388E-7,0.9999993840791431,6.200728330989638E-8
-0.574999113234743,0.0,0.0,0.9999999491805155,5.08192688490821E-8,2.157190002476327E-13
-0.11149960556048992,0.0,0.0,0.9999999544237236,4.557608292284826E-8,1.9347723045626244E-13
0.6478074757613207,0.0,0.0,0.9999999390326527,6.096708837778099E-8,2.5878428914043424E-13
1.964615123827477,0.0,0.0,0.9999996106167036,3.8938165091908227E-7,1.6454812215984266E-12
109.71839381994069,1.0,100.0,2.8693185246799506E-5,0.9999333242678082,3.7982546944857016E-5
-0.2712855519836844,0.0,0.0,0.999999953823009,4.617679503907471E-8,1.960287379852506E-13
0.7088170721654872,0.0,0.0,0.9999999359986014,6.40011269351234E-8,2.716516555942437E-13
0.09050196552871943,0.0,0.0,0.9999999534800181,4.651978455461921E-8,1.9748269496794325E-13
1.0716431567063804,0.0,0.0,0.999999907759293,9.224031556748394E-8,3.91353163475151E-13
-0.7417582265951674,0.0,0.0,0.9999999442830088,5.571675496338052E-8,2.3648290702228966E-13
201.66223340398176,0.0,200.0,2.8217948458748864E-11,1.0005820957784586E-6,0.9999989993896862
-0.8804498878460224,0.0,0.0,0.9999999385648404,6.143489876358671E-8,2.607193541190544E-13
201.3200162858219,0.0,200.0,1.7692312021113862E-11,6.265491397078271E-7,0.9999993734331681
0.7064476919827111,0.0,0.0,0.9999999361236462,6.387608258726147E-8,2.711213703107929E-13
-1.2182038268414819,0.0,0.0,0.9999999155920076,8.440763426474295E-8,3.5802345589922524E-13
101.24535696308318,0.0,100.0,3.8313609203925054E-7,0.9999995407821245,7.608178325500319E-8
-1.1130642588839768,0.0,0.0,0.9999999244549994,7.554468027542235E-8,3.204954831914198E-13
1.5127465083051255,0.0,0.0,0.999999828804215,1.711950594888733E-7,7.25520600489519E-13
-0.32539550054158606,0.0,0.0,0.9999999533463872,4.665341476484594E-8,1.98051018420223E-13
0.9913968113094076,0.0,0.0,0.9999999158744955,8.412514748972118E-8,3.5696482479851607E-13
98.24354112439015,0.0,100.0,1.1480567785470636E-6,0.9999987356908251,1.1625239634483136E-7
221.82251304201156,1.0,200.0,2.038102446515561E-9,5.517131513552146E-5,0.9999448266467621
101.21998147251176,0.0,100.0,3.7239502118067797E-7,0.999999554075984,7.352899483244367E-8
99.51489338856065,0.0,100.0,2.4018250931877976E-7,0.999999727467185,3.2350305654157354E-8
1.130769493974427,0.0,0.0,0.9999999008814526,9.911812676159655E-8,4.2049178784298115E-13
-11.287351028536918,1.0,0.0,0.9999932655713508,6.734398558318108E-6,3.009078152250894E-11
99.08358089876269,1.0,100.0,3.418415447108587E-7,0.9999996163618501,4.1796605045399083E-8
112.32298831773286,1.0,100.0,3.0303296243496677E-5,0.9998987764647392,7.092023901718234E-5
0.06805432729528006,0.0,0.0,0.9999999536813207,4.6318482502155396E-8,1.966272758237339E-13
0.6282439896369058,0.0,0.0,0.999999939927352,6.007239304899808E-8,2.549896023086205E-13
199.53925091553592,0.0,200.0,1.002951887011813E-11,3.548097744202399E-7,0.999999645180196
-0.9795945490017175,0.0,0.0,0.9999999333433628,6.665635433649644E-8,2.828446837946879E-13
100.65376758967322,0.0,100.0,2.3289568778752245E-7,0.9999997266049891,4.049932300641595E-8
100.39778351230213,0.0,100.0,2.0922810557346172E-7,0.9999997564186406,3.435325377294283E-8
-0.13585541757236622,0.0,0.0,0.999999954408561,4.559124547333136E-8,1.9354223589978054E-13
0.15767614665316385,0.0,0.0,0.9999999527290722,4.727072715437608E-8,2.006723651058101E-13
-1.3921159691098646,0.0,0.0,0.9999998961704276,1.0382913232626562E-7,4.402062372813125E-13
1.195811883740698,0.0,0.0,0.9999998922957064,1.0770383679655406E-7,4.568580805355778E-13
-0.8072802513374424,0.0,0.0,0.9999999417904547,5.820929826718347E-8,2.4704844581092903E-13
-0.1924166863113003,0.0,0.0,0.999999954267897,4.5731908851597706E-8,1.9414026319417136E-13
-0.041736932109794816,0.0,0.0,0.9999999543160943,4.568371163325342E-8,1.9393142790758542E-13
1.4432312726906786,0.0,0.0,0.9999998466184407,1.5338090910476578E-7,6.501863848147369E-13
100.74935788717863,0.0,100.0,2.4652560046460784E-7,0.999999709675698,4.379870145534878E-8
-1.7347832342104033,0.0,0.0,0.9999998301934345,1.698058466750296E-7,7.188597244973542E-13
0.2819542419859945,0.0,0.0,0.9999999507199315,4.927985922637186E-8,2.0920164577133136E-13
-0.16856649686942016,0.0,0.0,0.9999999543452288,4.565457736729066E-8,1.938117043684692E-13
100.80979913634603,0.0,100.0,2.567600081705858E-7,0.9999996970002708,4.623972109017077E-8
0.1659015331798314,0.0,0.0,0.9999999526214745,4.7378324494153866E-8,2.011292733509666E-13
-0.518740008996858,0.0,0.0,0.9999999504227259,4.957706349191432E-8,2.1045140312373046E-13
-0.07183367842281616,0.0,0.0,0.9999999543900283,4.56097780104277E-8,1.936188964664843E-13
199.62238335536426,0.0,200.0,9.592790107076609E-12,3.3935237140214885E-7,0.9999996606380357
0.6943847194049644,0.0,0.0,0.9999999367509858,6.32487457434475E-8,2.6846093830589367E-13
101.36617370863203,0.0,100.0,4.4245267009800393E-7,0.9999994672720324,9.027529760993547E-8
0.045868603276749687,0.0,0.0,0.9999999538563799,4.6143423903755704E-8,1.9588314607455053E-13
100.45508480731033,0.0,100.0,2.1308516599492193E-7,0.9999997514756757,3.543915833124814E-8
100.71883828644545,0.0,100.0,2.4184896381082076E-7,0.9999997154763788,4.267465728175072E-8
100.85902391916873,0.0,100.0,2.661238369229401E-7,0.9999996854179369,4.845822605852867E-8
1.1570190791241144,0.0,0.0,0.9999998975531332,1.0244643210076461E-7,4.345904651697659E-13
99.16989474591234,0.0,100.0,3.1382522904018145E-7,0.999999647053443,3.9121327945674015E-8
0.6952909186247594,0.0,0.0,0.9999999367043937,6.329533771803155E-8,2.6865852924794327E-13
0.4798835186289484,0.0,0.0,0.9999999456228869,5.437688225057577E-8,2.3082972941074733E-13
99.50601584752353,0.0,100.0,2.414793994176823E-7,0.9999997260603224,3.246027806901812E-8
-0.39757696986671354,0.0,0.0,0.9999999524852232,4.75145751304884E-8,2.017040976638685E-13
0.2541619424722139,0.0,0.0,0.9999999512424813,4.8757311621554683E-8,2.06983672402355E-13
111.12967164107107,1.0,100.0,2.9556645490830657E-5,0.9999171278662607,5.331548824862863E-5
-0.2761461275645601,0.0,0.0,0.9999999537859701,4.621383373398756E-8,1.96185911451301E-13
0.3351711103576516,0.0,0.0,0.9999999495942822,5.0405503926433933E-8,2.1397892716368784E-13
1.4806720597585648,0.0,0.0,0.9999998373595884,1.6263972232497208E-7,6.89345368883306E-13
1.5764072734910908,0.0,0.0,0.9999998099248024,1.9007439247436066E-7,8.053210802510114E-13
199.18590231460493,0.0,200.0,1.3093034339221336E-11,4.632857137459254E-7,0.999999536701193
-0.03816908740084261,0.0,0.0,0.9999999543045539,4.569525205216715E-8,1.93980244586542E-13
-0.8612941864243594,0.0,0.0,0.9999999394573845,6.054235862468962E-8,2.5693676049752676E-13
-22.594368324791997,1.0,0.0,0.9999915085368213,8.491415338081613E-6,4.784061649233431E-11
100.73542384250565,0.0,100.0,2.443510853729322E-7,0.9999997123720347,4.327687993677481E-8
0.21554818213505234,0.0,0.0,0.9999999518971759,4.810262014920658E-8,2.04204494641464E-13
0.6744042311229512,0.0,0.0,0.9999999377566087,6.224312695767123E-8,2.6419614848627894E-13
-0.6419379117657452,0.0,0.0,0.9999999474448087,5.255496825179467E-8,2.2307853278087105E-13
108.34794943928122,1.0,100.0,2.7874657856575317E-5,0.9999448465567549,2.7278785388571177E-5
111.85504890095011,1.0,100.0,3.000868618624114E-5,0.99990656866021,6.342265360386018E-5
-0.04644656560482815,0.0,0.0,0.999999954330426,4.566938037820013E-8,1.9387081395648038E-13
98.43693201532278,0.0,100.0,8.185308797005439E-7,0.9999990949061476,8.656297251482789E-8
-0.5734824551226645,0.0,0.0,0.9999999492165256,5.078325897396693E-8,2.1556630621361695E-13
-0.3751378271243757,0.0,0.0,0.9999999527811716,4.721862801041548E-8,2.0044875438988157E-13
-1.6257314222789314,0.0,0.0,0.9999998565028807,1.4349651142990544E-7,6.07839009984514E-13
98.57051929477078,0.0,100.0,6.612032403966585E-7,0.9999992667433681,7.205339133562487E-8
100.97162239195424,0.0,100.0,2.9147653272810744E-7,0.9999996540910032,5.443246409429345E-8
1.383203528730159,0.0,0.0,0.9999998599863776,1.4001302865685716E-7,5.936316031196969E-13
199.7466209950157,0.0,200.0,9.092351095694006E-12,3.2164409846937357E-7,0.9999996783468093
0.4121924722691589,0.0,0.0,0.9999999476556142,5.23441634616794E-8,2.222053899007708E-13
-0.19675350603048486,0.0,0.0,0.9999999542510013,4.5748804434459403E-8,1.9421202182350444E-13
-0.15288636072576572,0.0,0.0,0.9999999543817423,4.561806417982783E-8,1.936564399956748E-13
-1.5966021610290564,0.0,0.0,0.999999862560335,1.3743908259836194E-7,5.82259583277985E-13
-0.7428411415246601,0.0,0.0,0.9999999442446365,5.575512684806605E-8,2.3664557030277883E-13
0.4987822213283778,0.0,0.0,0.9999999449961504,5.500361610837798E-8,2.3348860273645003E-13
-0.7253061785792629,0.0,0.0,0.9999999448547814,5.51449847173502E-8,2.340590615750849E-13
-0.47872369729916686,0.0,0.0,0.999999951193389,4.880640398546366E-8,2.071831452034584E-13
0.3788769084110816,0.0,0.0,0.9999999485409138,5.1458867720484754E-8,2.184489157969347E-13
0.2572950789713552,0.0,0.0,0.9999999511857512,4.881404131360908E-8,2.0722447340894057E-13
-1.0511452127781693,0.0,0.0,0.9999999288725805,7.11271177697799E-8,3.0178470709799265E-13
110.8103949935249,1.0,100.0,2.935945885228564E-5,0.9999212544468913,4.9386094256340225E-5
0.9129072854832131,0.0,0.0,0.9999999226454788,7.735419302968243E-8,3.2826626860163487E-13
200.02242359733557,0.0,200.0,8.534380670339747E-12,3.0191392553566377E-7,0.9999996980775402
0.5261128346309588,0.0,0.0,0.9999999440414616,5.59583010289145E-8,2.3753861754505415E-13
-0.04395811166399359,0.0,0.0,0.9999999543229813,4.567682476980564E-8,1.939022987357057E-13
0.42583794036168804,0.0,0.0,0.9999999472716247,5.2728151579953724E-8,2.238346461541567E-13
0.5968093072800286,0.0,0.0,0.9999999412903687,5.870938225678195E-8,2.4920838071275233E-13
99.79971464811624,0.0,100.0,2.1076346013188943E-7,0.9999997589757942,3.026074562499435E-8
-2.4092776759136845,0.0,0.0,0.9999994045711493,5.954263532024516E-7,2.4977081118938818E-12
199.87436132257125,0.0,200.0,8.745571920357308E-12,3.093785672186479E-7,0.9999996906126872
0.10711910761707977,0.0,0.0,0.9999999533151559,4.6684645927966535E-8,1.9818311073911413E-13
202.4070271982071,0.0,200.0,1.092470167937338E-10,3.910781841825299E-6,0.9999960891089112
0.5397123070771569,0.0,0.0,0.9999999435444729,5.645528766012736E-8,2.3964688484016834E-13
101.02657870552387,0.0,100.0,3.061079695876876E-7,0.9999996360180001,5.7874030188436854E-8
101.49486034744052,0.0,100.0,5.237708026464849E-7,0.9999993662306964,1.0999850088930339E-7
-0.31345323387968105,0.0,0.0,0.9999999534638104,4.6535991999152753E-8,1.9755283972229228E-13
-0.15091248628084822,0.0,0.0,0.9999999543855351,4.561427140895206E-8,1.9364030184743557E-13
101.02825472485596,0.0,100.0,3.0657993188731434E-7,0.999999635435007,5.798506110265874E-8
0.2558028504463062,0.0,0.0,0.9999999512128387,4.8786954045740504E-8,2.071094961663832E-13
0.3234362133694164,0.0,0.0,0.9999999498569893,5.0142797798235736E-8,2.128640503877541E-13
100.60356416420213,0.0,100.0,2.2687198930124508E-7,0.9999997341179883,3.9010022506688356E-8
-2.189095559052932,0.0,0.0,0.9999996183155841,3.816828073649775E-7,1.6083727893214967E-12
-1.5065837351785507,0.0,0.0,0.9999998791100712,1.2088941657238349E-7,5.123384636587798E-13
-1.2912223022804499,0.0,0.0,0.9999999082517497,9.174786116633401E-8,3.890923600701103E-13
98.86929896564041,0.0,100.0,4.3639854632037606E-7,0.9999995127479934,5.085346018582376E-8
99.95371234715525,0.0,100.0,2.0319174020148335E-7,0.9999997666092502,3.0199009763419166E-8
99.96818039214821,0.0,100.0,2.0274357953289814E-7,0.9999997670260665,3.0230353931029714E-8
99.25305190812679,0.0,100.0,2.9104425016978765E-7,0.9999996719911046,3.696464509666749E-8
-1.4233657861838152,0.0,0.0,0.9999998919011114,1.0809843028707883E-7,4.582623143357929E-13
199.98696162937523,0.0,200.0,8.566846169574403E-12,3.0306323278836166E-7,0.9999996969282003
100.45551401274126,0.0,100.0,2.1311698018342993E-7,0.9999997514351576,3.5447862225138965E-8
200.13067665596245,0.0,200.0,8.503321764722711E-12,3.0080866689422034E-7,0.9999996991828298
200.29543985528454,0.0,200.0,8.650016620376126E-12,3.059972733858794E-7,0.9999996939940767
0.6066217162361504,0.0,0.0,0.9999999408745457,5.912520347574937E-8,2.5097212394975134E-13
99.66179643882735,0.0,100.0,2.2224979764725906E-7,0.9999997468123791,3.0937823142802504E-8
0.36674310905326346,0.0,0.0,0.9999999488454129,5.115437006539055E-8,2.171568133656892E-13
99.98943798876675,0.0,100.0,2.0216431259315592E-7,0.9999997675476228,3.0288064445385865E-8
98.11702756622658,0.0,100.0,1.4585511868750222E-6,0.9999983978941792,1.4355463403098067E-7
200.03515244656217,0.0,200.0,8.52550023697676E-12,3.0159874738478156E-7,0.9999996983927273
0.150965775907323,0.0,0.0,0.9999999528142858,4.718551376864133E-8,2.003104931896407E-13
-0.008062533900559934,0.0,0.0,0.9999999541836363,4.581616911208164E-8,1.9449194137628325E-13
1.7149818292158117,0.0,0.0,0.9999997582066777,2.4179229840846795E-7,1.0237286114710606E-12
-1.555573813715027,0.0,0.0,0.999999870488582,1.2951086912220624E-7,5.487698495253468E-13
99.7261797577839,0.0,100.0,2.1629508396956595E-7,0.9999997531580098,3.054690606985637E-8
0.6821208891757131,0.0,0.0,0.9999999373731041,6.262663009004266E-8,2.6582258878894127E-13
102.1826942976116,0.0,100.0,1.659741485542038E-6,0.9999979334300498,4.068284646323261E-7
200.38375702202802,0.0,200.0,8.828449583234977E-12,3.1231365263932446E-7,0.999999687677519
-0.9291997832669907,0.0,0.0,0.9999999361285441,6.387118484923658E-8,2.7104352773347946E-13
0.20796871960293895,0.0,0.0,0.9999999520161801,4.798361626104687E-8,2.036992745590121E-13
100.93583603004812,0.0,100.0,2.827812657704459E-7,0.9999996648323709,5.238636338193117E-8
-0.44093823913476526,0.0,0.0,0.999999951838952,4.816084353702099E-8,2.0444522909585066E-13
0.5508811591833745,0.0,0.0,0.9999999431251084,5.687465022803077E-8,2.414258244958009E-13
2.622307911475886,1.0,0.0,0.999998319616533,1.6803764670475231E-6,6.999695683459694E-12
-1.0808391793349408,0.0,0.0,0.9999999268217568,7.317793279309688E-8,3.1047149771849884E-13
2.348511090921337,0.0,0.0,0.9999991099181513,8.900781093811E-7,3.7392464697046816E-12
100.21341861880721,0.0,100.0,2.0176229396935163E-7,0.9999997664523496,3.178535633735461E-8
1.1549826972980899,0.0,0.0,0.9999998978177571,1.0218180922371857E-7,4.3346957348344753E-13
99.43551477711021,0.0,100.0,2.527402026516903E-7,0.9999997138188839,3.344091353368307E-8
0.901739431693274,0.0,0.0,0.9999999235255534,7.6474121997836E-8,3.24535669338584E-13
201.79247752097066,0.0,200.0,3.466599587566624E-11,1.2301774816919076E-6,0.9999987697878524
98.65711168383322,0.0,100.0,5.810039526061865E-7,0.9999993544397843,6.455626307609868E-8
0.8416267343729094,0.0,0.0,0.9999999279401427,7.205955160208167E-8,3.0582086684727204E-13
-48.8824905718002,1.0,0.0,0.9999859510316556,1.404883739025133E-5,1.3095430643318098E-10
0.48323824577131835,0.0,0.0,0.9999999455135864,5.448618224616669E-8,2.312934333248811E-13
-2.0248156438194487,0.0,0.0,0.9999997205441622,2.7945465764356085E-7,1.1801976742943104E-12
0.06342416242155419,0.0,0.0,0.9999999537198077,4.6279995684383685E-8,1.9646369958920387E-13
1.01549940400448,0.0,0.0,0.9999999135728498,8.642678355384556E-8,3.6671893325496814E-13
0.09992860301909061,0.0,0.0,0.9999999533881594,4.661164270009338E-8,1.9787296982981557E-13
-0.07793309728842793,0.0,0.0,0.9999999543999202,4.559988630172415E-8,1.9357714351339677E-13
101.87051415739096,0.0,100.0,9.356941454705096E-7,0.9999988505024597,2.1380339486570417E-7
0.8748781461706898,0.0,0.0,0.9999999255637663,7.44359178449058E-8,3.1589538069559104E-13
-1.2000594701104184,0.0,0.0,0.9999999172564454,8.274320355338663E-8,3.5097699690857146E-13
0.9060342964046828,0.0,0.0,0.9999999231894172,7.681025665069477E-8,3.259605477745129E-13
101.71093450338307,0.0,100.0,7.199996403493892E-7,0.999999121275294,1.5872506566425807E-7
100.63229705073199,0.0,100.0,2.3022898273094788E-7,0.9999997299277845,3.98432328304321E-8
98.66924459402695,0.0,100.0,5.709005968736206E-7,0.9999993654927899,6.360661335602762E-8
0.42536657706679776,0.0,0.0,0.9999999472851007,5.2714675664541325E-8,2.2377746876589772E-13
0.3927190140757726,0.0,0.0,0.9999999481819505,5.181782960957607E-8,2.199720889157154E-13
1.0395627693443537,0.0,0.0,0.9999999111612593,8.883836392970899E-8,3.769382616502645E-13
1.1730645741067405,0.0,0.0,0.9999998954290821,1.0457047418355146E-7,4.435871945886851E-13
199.69541190591409,0.0,200.0,9.277907475577626E-12,3.2820941478552246E-7,0.9999996717813073
0.8198950280797774,0.0,0.0,0.9999999294100951,7.058960515095322E-8,2.995887022249089E-13
198.6506766546656,0.0,200.0,2.48161515567507E-11,8.788991627960662E-7,0.999999121076021
99.3885424990141,0.0,100.0,2.612557373028036E-7,0.9999997045389575,3.420530523758055E-8
97.70486489663975,0.0,100.0,3.4739254836600476E-6,0.999996214443679,3.116308372547846E-7
99.79524460679859,0.0,100.0,2.110627881212361E-7,0.9999997586638603,3.02733517848394E-8
200.47727366671919,0.0,200.0,9.098857153011914E-12,3.2188797591182826E-7,0.9999996781029253
-1.561525273482689,0.0,0.0,0.9999998693802123,1.3061923408995973E-7,5.534524223057086E-13
100.13840001997089,0.0,100.0,2.0076070451132122E-7,0.9999997681395001,3.109979535696736E-8
101.5947015905205,0.0,100.0,6.034860960219651E-7,0.9999992669015806,1.2961232338080377E-7
199.45639754694645,0.0,200.0,1.0557230936547597E-11,3.7349028587855556E-7,0.9999996264991569
-0.5176550097031655,0.0,0.0,0.9999999504448333,4.9554956186944336E-8,2.1035765216205464E-13
0.6030305245370389,0.0,0.0,0.9999999410277319,5.897201770382005E-8,2.5032237620325355E-13
100.81740763976721,0.0,100.0,2.5814478001786126E-7,0.9999996952866983,4.6568522016545635E-8
200.34056317820256,0.0,200.0,8.732161487346923E-12,3.089049159747776E-7,0.9999996910863518
1.0983585536614444,0.0,0.0,0.999999904753375,9.524622103856636E-8,4.040887329825357E-13
99.18345060471908,0.0,100.0,3.09847589501979E-7,0.9999996514092915,3.874311907075188E-8
-0.7388602650421686,0.0,0.0,0.9999999443852445,5.5614519454039796E-8,2.360495161478192E-13
0.09566372256960412,0.0,0.0,0.9999999534302583,4.6569543946841185E-8,1.9769411088111135E-13
99.05477092078247,0.0,100.0,3.523192991798599E-7,0.9999996048805229,4.280017804167286E-8
99.46509952868678,0.0,100.0,2.478014563769184E-7,0.9999997191927736,3.30057699438567E-8
-0.575437762867108,0.0,0.0,0.9999999491700741,5.082971030973838E-8,2.1576327549808405E-13
1.484316769086158,0.0,0.0,0.9999998364173548,1.6358195180926917E-7,6.933298731740037E-13
-0.7177510028807348,0.0,0.0,0.9999999451104056,5.488936156832303E-8,2.329754014710043E-13
-0.4259685188520139,0.0,0.0,0.9999999520733052,4.792649142694502E-8,2.0345125808765468E-13
-2.2275910201551654,0.0,0.0,0.9999995882798598,4.1171840639995945E-7,1.7338238385572121E-12
99.14841343362161,0.0,100.0,3.2035336245142383E-7,0.999999639903503,3.974313465590574E-8
0.2694039212926415,0.0,0.0,0.9999999509613204,4.9038471339867636E-8,2.0817708965076952E-13
-0.7734701192680842,0.0,0.0,0.9999999431207178,5.687904080124805E-8,2.4140984005672797E-13
99.15873764102832,0.0,100.0,3.171808750426515E-7,0.9999996433783259,3.944079889574547E-8
101.0244661890484,0.0,100.0,3.0551533336923147E-7,0.9999996367500528,5.773461377799214E-8
199.3336660228889,0.0,200.0,1.1535390872796571E-11,4.0812257695149234E-7,0.9999995918658878
101.46941859534277,0.0,100.0,5.059560182662081E-7,0.9999993883918662,1.056521154778116E-7
1.1124535134291167,0.0,0.0,0.999999903100774,9.689881484516729E-8,4.110900531049277E-13
-0.033659512728418384,0.0,0.0,0.9999999542891234,4.5710682449266205E-8,1.9404552369731792E-13
1.3598605190657775,0.0,0.0,0.9999998647384917,1.3526093481022239E-7,5.735222823100058E-13
0.7889681020454251,0.0,0.0,0.9999999313947826,6.86049262403481E-8,2.9117374225907117E-13
101.00192875879242,0.0,100.0,2.9934590929619845E-7,0.9999996443706523,5.628343855630741E-8
-1.3599505493604938,0.0,0.0,0.9999999002915412,9.970803619523066E-8,4.2277367367573763E-13
0.6477561847134593,0.0,0.0,0.9999999390350464,6.096469477150815E-8,2.5877413727252935E-13
1.1740170338441442,0.0,0.0,0.9999998953007936,1.046987624121359E-7,4.4413056313377753E-13
-0.6170451293526059,0.0,0.0,0.9999999481243287,5.1875451234036746E-8,2.201974101060092E-13
100.45862442858949,0.0,100.0,2.1334885840438322E-7,0.9999997511399427,3.55111991852737E-8
102.32226630000577,0.0,100.0,2.1924478229616467E-6,0.9999972529800599,5.545721171406651E-7
101.72413208300982,0.0,100.0,7.351461811460158E-7,0.99999910230864,1.625451787577759E-7
-0.23466604612957478,0.0,0.0,0.9999999540659511,4.593385385902585E-8,1.949976788175036E-13
2.3909098963146547,1.0,0.0,0.9999990194491303,9.805467544662416E-7,4.115147311435854E-12
99.74127811113725,0.0,100.0,2.1505192783388336E-7,0.999999754473698,3.047437410824447E-8
101.05398370949638,0.0,100.0,3.140264158257711E-7,0.9999996262362901,5.973729409710589E-8
-0.1046116434785625,0.0,0.0,0.9999999544230642,4.557674224258331E-8,1.9347982069637085E-13
0.04773451589339105,0.0,0.0,0.999999953842565,4.6157238927565323E-8,1.9594188025828324E-13
-1.0255536908798522,1.0,0.0,0.999999930545456,6.945424918600895E-8,2.946981995933541E-13
101.27741600708701,0.0,100.0,3.9750584373719863E-7,0.9999995229889832,7.950517309913174E-8
100.65119737850274,0.0,100.0,2.3256917763802392E-7,0.9999997270115889,4.041923347687524E-8
-1.0254068848881976,0.0,0.0,0.9999999305548087,6.944489668589109E-8,2.9465857952944067E-13
-1.1052976310692895,0.0,0.0,0.9999999250393262,7.496035569571818E-8,3.1802077037250986E-13
0.580563594081537,0.0,0.0,0.9999999419600714,5.803968217770047E-8,2.4636772264288153E-13
101.65911185362424,0.0,100.0,6.644918817576389E-7,0.9999991907145943,1.4479352393172802E-7
0.25223457322518605,0.0,0.0,0.9999999512771068,4.872268628283328E-8,2.0683669668420922E-13
100.92788635664651,0.0,100.0,2.8093360187104125E-7,0.9999996671150588,5.1951339400109623E-8
-0.1462763959186174,0.0,0.0,0.9999999543937372,4.560606926635907E-8,1.9360539103930948E-13
199.89952059977162,0.0,200.0,8.695676652898939E-12,3.0761465979132497E-7,0.9999996923766444
98.89434182224632,0.0,100.0,4.231295877093496E-7,0.9999995272853531,4.958505914210449E-8
102.71432632965987,0.0,100.0,4.986532817877604E-6,0.9999936350980494,1.3783691326770818E-6
-0.7013493566199064,1.0,0.0,0.9999999456505917,5.4349177777225414E-8,2.3068535793405945E-13
1.8176976713404223,0.0,0.0,0.99999970774248,2.922562833502531E-7,1.2365690709123298E-12
-0.07741505342876305,0.0,0.0,0.9999999543991466,4.5600659855853663E-8,1.9358040747333863E-13
-1.345748576871261,0.0,0.0,0.999999902027725,9.797185950214428E-8,4.154285433326756E-13
1.9007755825991413,0.0,0.0,0.9999996570241083,3.429744414907685E-7,1.4502182330469257E-12
0.16850624929731428,0.0,0.0,0.999999952586676,4.741312262700949E-8,2.0127703776457267E-13
-1.4937868117547841,0.0,0.0,0.9999998812219136,1.1877758305576039E-7,5.034124355808369E-13
101.02483893201925,0.0,100.0,3.0561971975678253E-7,0.9999996366211099,5.775917018071851E-8
100.88812471761237,0.0,100.0,2.721280558037055E-7,0.9999996779958601,4.9876084049581725E-8
0.39439875641347544,0.0,0.0,0.9999999481375393,5.1862240493453207E-8,2.201605333553226E-13
0.6469559654691407,0.0,0.0,0.9999999390723577,6.092738380464796E-8,2.586158922425195E-13
101.98899577058893,0.0,100.0,1.1527151911450476E-6,0.9999985767845978,2.705002111992846E-7
99.58409525225704,0.0,100.0,2.3093563344694084E-7,0.9999997374729088,3.159145769696267E-8
1.1030715003912754,0.0,0.0,0.9999999042060356,9.57935579270793E-8,4.064075978984331E-13
0.8854775082649065,0.0,0.0,0.9999999247725133,7.522716727162187E-8,3.192496847800411E-13
-0.21272786650475775,0.0,0.0,0.9999999541812182,4.581858712265553E-8,1.9450834468211123E-13
-1.5328107941385973,0.0,0.0,0.9999998746035086,1.2539596001200381E-7,5.3138334989287E-13
101.48952978194656,0.0,100.0,5.199607028848021E-7,0.999999370971542,1.0906775501936563E-7
0.9358528942605224,0.0,0.0,0.9999999207745642,7.922509962735885E-8,3.361966594402576E-13
-1.3511446157613516,0.0,0.0,0.9999999013739049,9.862567671274138E-8,4.181946727291973E-13
100.69078048860446,0.0,100.0,2.3782328447424061E-7,0.9999997204756984,4.17010171936972E-8
-0.9081996622520914,0.0,0.0,0.9999999372078426,6.279189087869335E-8,2.6646998642638885E-13
101.11656027790019,0.0,100.0,3.3380856265159033E-7,0.9999996017931525,6.439828476248162E-8
-0.3516477904862782,0.0,0.0,0.9999999530635145,4.6936286400875054E-8,1.992510538184539E-13
1.1380530533525839,0.0,0.0,0.9999998999756999,1.0002387593844417E-7,4.2432866736503824E-13
99.01610314847527,0.0,100.0,3.6736375342516616E-7,0.9999995883939259,4.4242320659457954E-8
199.44792887696272,0.0,200.0,1.0616828723259166E-11,3.7560015703127705E-7,0.9999996243892263
101.21184021716832,0.0,100.0,3.690621966040678E-7,0.9999995581998686,7.273793493402124E-8
-1.0622642666598654,0.0,0.0,0.9999999281187743,7.188092081950873E-8,3.049777430723824E-13
99.51220043030749,0.0,100.0,2.4057316247498614E-7,0.999999727043483,3.238335467183492E-8
97.42480775155497,0.0,100.0,6.624973395243255E-6,0.9999928171680217,5.578585829248842E-7
99.87749371125143,0.0,100.0,2.062869519436467E-7,0.9999997635737427,3.0139305652654686E-8
200.84139795648235,0.0,200.0,1.1124157642388208E-11,3.9362907541991165E-7,0.9999996063598005
99.22941270009645,0.0,100.0,2.971377770288847E-7,0.9999996653232573,3.753896560963931E-8
-0.5204001067354351,0.0,0.0,0.9999999503887681,4.961102135583379E-8,2.105954087004052E-13
0.37614839472635525,0.0,0.0,0.9999999486102079,5.138957402914321E-8,2.1815487858863892E-13
-15.44049609100129,1.0,0.0,0.9999926586795453,7.341284696170441E-6,3.5758577419970286E-11
1.8074859399327772,0.0,0.0,0.9999997133176179,2.8668116898962573E-7,1.2130680303811464E-12
99.15977680339893,0.0,100.0,3.168651639017103E-7,0.9999996437241087,3.941072737581398E-8
100.83017837694449,0.0,100.0,2.605197031845219E-7,0.9999996923485087,4.713178789019065E-8
101.03072555536934,0.0,100.0,3.072785928997271E-7,0.9999996345719785,5.81494285619828E-8
-0.4757678125620725,0.0,0.0,0.9999999512467249,4.875306816369677E-8,2.0695694709210607E-13
98.4222359142002,0.0,100.0,8.388361571131814E-7,0.9999990727456894,8.841815355713869E-8
99.69426578737743,0.0,100.0,2.1911211023426296E-7,0.9999997501638782,3.0724011301507146E-8
-0.23518844829820565,0.0,0.0,0.9999999540629312,4.593687391097696E-8,1.9501049810293824E-13
-23.75556926190921,1.0,0.0,0.9999913086741159,8.691275764856193E-6,5.01191556795266E-11
199.79355702735214,0.0,200.0,8.946261240051504E-12,3.164760341415234E-7,0.9999996835150196
99.22001886139363,1.0,100.0,2.9964095820300694E-7,0.9999996625835267,3.777551514041042E-8
-1.85095821536647,0.0,0.0,0.9999997944556802,2.055434504965288E-7,8.694623090441527E-13
-1.2984918552630615,0.0,0.0,0.9999999074607159,9.253889174515751E-8,3.9243993125744104E-13
0.4759334101451739,0.0,0.0,0.9999999457505172,5.424925234073165E-8,2.3028825747317887E-13
99.45350653724415,0.0,100.0,2.4969897623357745E-7,0.9999997171288934,3.317213032109601E-8
200.42773736123345,0.0,200.0,8.944807660451327E-12,3.164333261270905E-7,0.999999683557729
1.3287683092394165,0.0,0.0,0.9999998707134982,1.2928595364091365E-7,5.482344261011068E-13
99.91086840442442,0.0,100.0,2.0477812525233883E-7,0.9999997650781869,3.0143687963908735E-8
98.6551459496949,0.0,100.0,5.82665390685775E-7,0.9999993526222943,6.47123148319748E-8
-1.3984347178792587,0.0,0.0,0.9999998953288635,1.0467069256804829E-7,4.437657080988842E-13
1.221257390226723,0.0,0.0,0.9999998886126054,1.1138692225407903E-7,4.7245573968893E-13
0.24606141521830807,0.0,0.0,0.9999999513866179,4.861317581969938E-8,2.0637184632223955E-13
0.40656734677147893,0.0,0.0,0.9999999478102455,5.218953287322947E-8,2.2154928189421687E-13
99.41326058033616,0.0,100.0,2.5666860638714605E-7,0.9999997095398138,3.379157972787406E-8
99.23351415417159,0.0,100.0,2.960596120099026E-7,0.9999996665032025,3.743718525954468E-8
1.5580706845136085,0.0,0.0,0.9999998156382994,1.8436091936257535E-7,7.811750956972891E-13
199.52967459104147,0.0,200.0,1.0085585371044438E-11,3.5679434074795924E-7,0.9999996431955739
18.066053398189325,1.0,0.0,0.99958401655359,4.159813070815093E-4,2.1393285942576785E-9
100.62346562710471,0.0,100.0,2.2917171523504943E-7,0.9999997312465155,3.9581769168760534E-8
1.4422187290420116,0.0,0.0,0.9999998468585481,1.5314080299508698E-7,6.491707585250467E-13
200.70485259351557,0.0,200.0,1.0157625821506731E-11,3.5938666044705785E-7,0.9999996406031819
0.15690611798883217,0.0,0.0,0.9999999527389676,4.7260831913765284E-8,2.0063034419174335E-13
99.54160018365059,0.0,100.0,2.364358031973056E-7,0.9999997315271809,3.203701596958397E-8
100.76599384324011,0.0,100.0,2.4921044972928227E-7,0.9999997063483029,4.444124745715204E-8
200.677056377291,0.0,200.0,9.994154454734097E-12,3.5359609697870286E-7,0.9999996463939089
-0.7197685777851704,0.0,0.0,0.9999999450425653,5.4957201275427475E-8,2.3326299495791873E-13
209.15454877748488,1.0,200.0,1.2089441114340111E-9,4.249190453194959E-5,0.9999575068865239
100.75289545793026,0.0,100.0,2.470883710255002E-7,0.9999997089780921,4.393353692634901E-8
-0.843041792349319,0.0,0.0,0.9999999402754788,5.972426777665617E-8,2.5346953887425074E-13
0.13308212825372295,0.0,0.0,0.9999999530302204,4.6969580280631215E-8,1.9939342454147467E-13
0.24699329576920684,0.0,0.0,0.9999999513702221,4.8629571656794745E-8,2.0644144405673482E-13
-0.2195233701410753,0.0,0.0,0.9999999541479233,4.585188200608552E-8,1.9464970268128125E-13
-0.9458027358354697,0.0,0.0,0.9999999352420582,6.475766713694244E-8,2.747998473776758E-13
1.0009399679944446,0.0,0.0,0.9999999149764491,8.502319009016571E-8,3.607707209387925E-13
-0.1708530104720318,0.0,0.0,0.999999954338956,4.5660850171199056E-8,1.9383836605731335E-13
0.5376045751342707,0.0,0.0,0.9999999436224732,5.637728749983372E-8,2.393160036266086E-13
0.8246965884323133,0.0,0.0,0.9999999290907887,7.09089104313782E-8,3.0094249305107384E-13
101.50573007975542,0.0,100.0,5.316709479034425E-7,0.9999993563986617,1.119303904278432E-7
1.740095103716125,0.0,0.0,0.9999997469560166,2.530429121773953E-7,1.0712029616710196E-12
10.55003908541049,1.0,0.0,0.9999298389544337,7.016073685097297E-5,3.087153624025368E-10
-0.8187271410972657,0.0,0.0,0.9999999413178978,5.868185302887996E-8,2.490513882342621E-13
99.7558285970114,0.0,100.0,2.1390715255577242E-7,0.9999997556815982,3.0411249287857626E-8
0.19311987974734263,0.0,0.0,0.9999999522404485,4.7759348772060284E-8,2.0274712086619662E-13
0.059711261715599505,0.0,0.0,0.9999999537499246,4.624987900189902E-8,1.963356902390814E-13
100.26176446599464,0.0,100.0,2.0302000838500938E-7,0.9999997646477555,3.233223612269108E-8
-0.9341143692743614,0.0,0.0,0.9999999358692379,6.413048989710654E-8,2.721423056828581E-13
102.84577772320505,0.0,100.0,6.555253663527795E-6,0.9999915776505539,1.867095782560154E-6
-0.8552583117256831,0.0,0.0,0.9999999397313649,6.026837920606344E-8,2.557756000923319E-13
-1.7311059699701177,0.0,0.0,0.9999998311841519,1.688151334395872E-7,7.146814047539221E-13
101.88760097395962,0.0,100.0,9.63576116613816E-7,0.999998815402579,2.2102130439983952E-7
-0.8333577470268656,0.0,0.0,0.9999999406970413,5.9302706874282405E-8,2.5168283069095294E-13
100.60186576294227,0.0,100.0,2.2668097241596993E-7,0.9999997343566972,3.896233044681715E-8
99.53931991038891,0.0,100.0,2.3674677666651382E-7,0.9999997311904751,3.206274818499458E-8
-1.439816041357637,0.0,0.0,0.9999998895423018,1.1045722998117822E-7,4.682368729814689E-13
1.3053413255166477,0.0,0.0,0.9999998749635185,1.250359512089045E-7,5.30244675846454E-13
-1.0344316543015226,0.0,0.0,0.9999999299747515,7.002495133396934E-8,2.9711583652187965E-13
99.45125461971702,0.0,100.0,2.500731639138448E-7,0.9999997167217733,3.320506260400916E-8
99.27572188673898,0.0,100.0,2.854677148752201E-7,0.9999996780910441,3.644124102125423E-8
100.49457647964782,0.0,100.0,2.1620006394979166E-7,0.9999997475227725,3.6277163592336285E-8
100.83332966563617,0.0,100.0,2.61115618593416E-7,0.9999996916113759,4.7273005613743445E-8
2.165068396469468,0.0,0.0,0.9999994078439314,5.921535723227231E-7,2.49621176254492E-12
103.05494417568255,1.0,100.0,9.851587698860856E-6,0.9999872046179583,2.9437943428577565E-6
99.75683253871235,0.0,100.0,2.1383007467119535E-7,0.9999997557627874,3.040713803647514E-8
-0.3858601828201584,0.0,0.0,0.9999999526429811,4.735681773583871E-8,2.0103493340463785E-13
-0.7470979710358532,0.0,0.0,0.9999999440929084,5.5906854263188435E-8,2.372887588382513E-13
-0.6592222047300882,0.0,0.0,0.9999999469483745,5.3051400199757406E-8,2.2518330937739634E-13
100.10910855210874,0.0,100.0,2.0067995341836703E-7,0.9999997684363512,3.088369526498404E-8
200.50516463203002,0.0,200.0,9.19672553520703E-12,3.253535762490897E-7,0.9999996746372269
99.60247559049196,0.0,100.0,2.2872521982159849E-7,0.9999997398564292,3.1418351167550714E-8
0.5100066275947424,0.0,0.0,0.9999999446110889,5.538867608792942E-8,2.3512214814899187E-13
0.46091668170789696,0.0,0.0,0.9999999462252873,5.3774484330294824E-8,2.2827401185770575E-13
99.12559133094928,0.0,100.0,3.276027009134734E-7,0.9999996319623637,4.04349354107702E-8
-0.8346813398606515,0.0,0.0,0.9999999406399266,5.935982155871416E-8,2.519249029308827E-13
-0.6204746081737545,0.0,0.0,0.9999999480331533,5.196662603681499E-8,2.205839942034671E-13
-1.496850713927144,0.0,0.0,0.9999998807213449,1.1927814962456335E-7,5.055282420764548E-13
199.4061971622642,0.0,200.0,1.0926932867354498E-11,3.865789003322844E-7,0.9999996134101727
0.9278864592995179,0.0,0.0,0.9999999214338502,7.856581635228698E-8,3.334021442432523E-13
-0.6575481940244089,0.0,0.0,0.9999999469973534,5.3002421627276356E-8,2.2497565228390043E-13
98.0454334051458,0.0,100.0,1.6802417504023672E-6,0.9999981570238108,1.6273443874199618E-7
198.93687072168234,0.0,200.0,1.7024187893080796E-11,6.025706916214127E-7,0.9999993974122844
98.9958889331587,0.0,100.0,3.7570385425039756E-7,0.9999995792541453,4.5042000514159945E-8
-1.6037521738986191,0.0,0.0,0.9999998611076564,1.3889175513505925E-7,5.883945786082677E-13
-0.5814986619819683,0.0,0.0,0.9999999490245742,5.097520947668343E-8,2.163802369045552E-13
100.80873304682187,0.0,100.0,2.565677539239755E-7,0.999999697238197,4.619404896071595E-8
1.2469286499314203,0.0,0.0,0.9999998846954858,1.153040251356126E-7,4.890426872979756E-13
100.65491403633116,0.0,100.0,2.330419734676311E-7,0.9999997264228417,4.053518476972156E-8
98.38503309691903,0.0,100.0,8.933182047166057E-7,0.9999990133040878,9.337770745352071E-8
0.5164503755605838,0.0,0.0,0.9999999443856326,5.5614131579863135E-8,2.3607858622169635E-13
-0.8295048623611138,0.0,0.0,0.9999999408623986,5.913735041818194E-8,2.509819876703071E-13
-1.9976700550201016,0.0,0.0,0.9999997340603649,2.659385117296223E-7,1.123446997102887E-12
1.330494326467473,0.0,0.0,0.9999998703920016,1.296074487336359E-7,5.495951913181525E-13
100.22185337061183,0.0,100.0,2.0194688534597538E-7,0.9999997661784266,3.1874688171293235E-8
98.12207899268232,0.0,100.0,1.4442959555412675E-6,0.9999984133910083,1.4231303653818635E-7
102.0512694923938,0.0,100.0,1.2921091373461475E-6,0.9999984004041654,3.074866971047595E-7
0.13060716846349632,0.0,0.0,0.9999999530588333,4.694096748415258E-8,1.9927189729245454E-13
-0.40881453991808747,0.0,0.0,0.9999999523272337,4.767256387580444E-8,2.0237422605527588E-13
-0.2136000188155158,0.0,0.0,0.9999999541770661,4.5822739568718255E-8,1.9452597518548112E-13
-0.1950230936073176,0.0,0.0,0.9999999542578475,4.574195824094188E-8,1.9418294557927799E-13
-0.11405643517096554,0.0,0.0,0.9999999544234132,4.557639326466027E-8,1.934786221841306E-13
100.1174074114419,0.0,100.0,2.0068519506871562E-7,0.9999997683727561,3.0942049088415475E-8
-0.2525160604304491,0.0,0.0,0.9999999539554669,4.6044337630347755E-8,1.9546661481212424E-13
197.3858259542207,0.0,200.0,3.0186371918871796E-10,1.0878869840950922E-5,0.9999891208282954
100.23552532913125,0.0,100.0,2.0227727014826772E-7,0.99999976569783,3.202490003618772E-8
0.45058235293661525,0.0,0.0,0.999999946542559,5.345721409097728E-8,2.2692793303857198E-13
0.019074297880464355,0.0,0.0,0.9999999540365104,4.5963294508344025E-8,1.951171146855011E-13
-0.2849516238093787,0.0,0.0,0.9999999537159875,4.6283816243051274E-8,1.9648287055277785E-13
-0.9782411231438625,0.0,0.0,0.9999999334219164,6.657780085883153E-8,2.825118629324302E-13
-1.1066799860728964,0.0,0.0,0.999999924935981,7.50637004387185E-8,3.1845845758033155E-13
0.6685623143565612,0.0,0.0,0.9999999380429221,6.195681514873085E-8,2.629818823964514E-13
-0.3663008374197463,0.0,0.0,0.9999999528906602,4.710913987006601E-8,1.9998431164530913E-13
0.024116806191343116,0.0,0.0,0.9999999540052091,4.599459558448703E-8,1.9525026196725666E-13
0.6939411706521988,0.0,0.0,0.9999999367737594,6.322597226005725E-8,2.683643585895345E-13
199.12991021171922,0.0,200.0,1.3815055568515594E-11,4.888609258274098E-7,0.9999995111252591
-1.651079902501786,0.0,0.0,0.9999998509202171,1.4907915151528116E-7,6.314074567816024E-13
-0.9124532919006054,0.0,0.0,0.9999999369929398,6.300679289246314E-8,2.673806591511708E-13
99.38106713816876,0.0,100.0,2.6269078851236767E-7,0.9999997029736459,3.433556544684738E-8
1.1093956546458013,0.0,0.0,0.999999903463321,9.653626969973165E-8,4.095541357739068E-13
199.9129507876005,1.0,200.0,8.671422065782476E-12,3.0675736547587E-7,0.999999693233963
100.25620566038752,0.0,100.0,2.0285067558499773E-7,0.9999997648843129,3.226501141005343E-8
0.4391683170786391,0.0,0.0,0.9999999468841712,5.311560361433319E-8,2.2547855665804722E-13
-0.4630326260047175,0.0,0.0,0.999999951470977,4.8528817161189075E-8,2.0600588177585528E-13
98.52035861691293,0.0,100.0,7.149661534697262E-7,0.9999992079939832,7.703986333704958E-8
-0.7512815407914478,0.0,0.0,0.9999999439424001,5.605736194783034E-8,2.3792677177466556E-13
100.95032446675481,0.0,100.0,2.862261397403379E-7,0.9999996605766863,5.319717374892484E-8
0.629682490177883,0.0,0.0,0.9999999398628004,6.013694429955971E-8,2.552633891028957E-13
99.67950250995301,0.0,100.0,2.205041939625158E-7,0.9999997486788205,3.081698553433809E-8
0.21260756159823502,0.0,0.0,0.9999999519437118,4.805608443420773E-8,2.0400693345726285E-13
100.0940236523268,0.0,100.0,2.0070612896998045E-7,0.9999997685104884,3.078338269764639E-8
-0.5281516517340594,0.0,0.0,0.9999999502280743,4.9771714356179424E-8,2.1127685641833932E-13
200.9441117157867,0.0,200.0,1.205779803934688E-11,4.267145626867474E-7,0.9999995732733795
-5.076890716530862,1.0,0.0,0.9999940984792938,5.901497586741732E-6,2.3119388286654028E-11
-0.7868590592060414,0.0,0.0,0.9999999426054356,5.739432086755404E-8,2.4359401958172897E-13
0.9873822365077286,0.0,0.0,0.9999999162471861,8.375245852044277E-8,3.5538534247748855E-13
-1.7062190503246242,0.0,0.0,0.9999998376872087,1.6231210399829475E-7,6.872504799346325E-13
100.9574038953725,0.0,100.0,2.8794642683842766E-7,0.9999996584516057,5.360196762697665E-8
-1.607493606289547,0.0,0.0,0.9999998603387666,1.3966064188774748E-7,5.916416186095409E-13
1.4903581675402706,0.0,0.0,0.9999998348389243,1.651603757381272E-7,7.000044980751936E-13
99.10271747011083,0.0,100.0,3.3520735990574477E-7,0.999999623630854,4.1161786211647864E-8
-0.22273347233759178,0.0,0.0,0.999999954131444,4.586836122940063E-8,1.9471966298480164E-13
100.8547672577504,0.0,100.0,2.6527550145256615E-7,0.9999996864668503,4.8257648400156074E-8
10.083745653489942,1.0,0.0,0.9999372783223459,6.272140436656561E-5,2.7328765479402814E-10
0.17874122494714068,0.0,0.0,0.9999999524465407,4.755325736402329E-8,2.0187207522657955E-13
99.89290553796428,0.0,100.0,2.0556012387151375E-7,0.9999997643027548,3.013712112920775E-8
0.4888165838695544,0.0,0.0,0.999999945329982,5.466978580044369E-8,2.3207236290555346E-13
100.23421689107509,0.0,100.0,2.022439787882907E-7,0.9999997657457884,3.201023277420215E-8
101.1517158083867,0.0,100.0,3.460477140236454E-7,0.9999995866641535,6.728813266475674E-8
0.80143750382789,0.0,0.0,0.9999999306093489,6.939035658800053E-8,2.945040013629967E-13
0.44248714312001447,0.0,0.0,0.9999999467857864,5.321398771969535E-8,2.2589598148826276E-13
-20.019306019614227,1.0,0.0,0.9999919383733183,8.06158356172438E-6,4.311983923284447E-11
1.298606679924475,0.0,0.0,0.9999998761470756,1.2385239912861225E-7,5.25234469387799E-13
200.35896448056553,0.0,200.0,8.771040109798903E-12,3.102812266366334E-7,0.9999996897100025
100.27651088037925,0.0,100.0,2.035006105071556E-7,0.9999997639832329,3.2516156503510545E-8
1.081176343928923,0.0,0.0,0.9999999067052207,9.329438346483417E-8,3.958192170156285E-13
98.93500727790585,0.0,100.0,4.0296611304215344E-7,0.9999995493788938,4.765499297985379E-8
0.05063335249476333,0.0,0.0,0.9999999538207726,4.617903149833802E-8,1.960345268687568E-13
1.46994351996831,0.0,0.0,0.9999998400900986,1.5990922364336604E-7,6.77798065007797E-13
-9.4359083430458,1.0,0.0,0.9999935225123641,6.477459797591666E-6,2.783845811716749E-11
-0.08742165226470174,0.0,0.0,0.9999999544119034,4.558790312298096E-8,1.9352662469522537E-13
99.47695101205494,0.0,100.0,2.459108532368155E-7,0.9999997212480007,3.284114602156071E-8
0.5328450629027193,0.0,0.0,0.9999999437972886,5.620247271721637E-8,2.3857442470043904E-13
-0.8971356933924715,0.0,0.0,0.9999999377581523,6.224158359400018E-8,2.6413795128476215E-13
1.0810061334748355,0.0,0.0,0.999999906724219,9.327538519024925E-8,3.957387231152755E-13
-0.8158832079338495,0.0,0.0,0.9999999414363742,5.856337731800714E-8,2.485492285929186E-13
1.331688055072917,0.0,0.0,0.9999998701689661,1.2983048324521214E-7,5.505392037176484E-13
98.12747094071834,0.0,100.0,1.429267520660782E-6,0.9999984297295348,1.410029445294546E-7
0.6509757611548821,0.0,0.0,0.9999999388843027,6.111543792562981E-8,2.594134739274971E-13
1.1063976700252562,0.0,0.0,0.9999999038165934,9.61829983567935E-8,4.080574913591281E-13
99.29065472301339,0.0,100.0,2.819320756800315E-7,0.9999996819572593,3.61106650417926E-8
100.06283653770375,0.0,100.0,2.0090642641438074E-7,0.9999997684942867,3.0599287024835546E-8
99.63919725217919,0.0,100.0,2.2460092132287071E-7,0.9999997442920665,3.110701223821088E-8
0.10556364382748508,0.0,0.0,0.999999953331164,4.6668637739397055E-8,1.981151046746143E-13
100.31730500806331,0.0,100.0,2.05070093272874E-7,0.9999997618617515,3.3068155145884255E-8
110.3730648202546,1.0,100.0,2.9091116838420283E-5,0.9999264460278193,4.446285534210124E-5
99.33376205160366,0.0,100.0,2.7231008451479684E-7,0.9999996924727464,3.52171691919578E-8
0.9405299939260329,0.0,0.0,0.999999920382586,7.961707610502301E-8,3.378581101099458E-13
-0.12372702214092715,0.0,0.0,0.9999999544195212,4.5580285223856306E-8,1.934954095808859E-13
99.23109285773243,0.0,100.0,2.966950307511278E-7,0.9999996658078074,3.749716176727864E-8
-1.9348550774749422,0.0,0.0,0.9999997623490653,2.3764993012482732E-7,1.0045645681741077E-12
99.57737013781944,0.0,100.0,2.3176941491846274E-7,0.999999736572862,3.165772308758726E-8
-0.1634664541018754,0.0,0.0,0.9999999543583502,4.564145610156442E-8,1.9375592486336552E-13
99.20278115558006,0.0,100.0,3.0435901957022406E-7,0.9999996574187549,3.82222255330851E-8
0.4139692405314033,0.0,0.0,0.9999999476063303,5.2393447480034745E-8,2.2241450376918519E-13
0.5165379977827964,0.0,0.0,0.9999999443825441,5.5617219639634854E-8,2.3609168646113296E-13
1.2815300754975931,0.0,0.0,0.9999998790743779,1.2092510925406685E-7,5.12841981532225E-13
-0.4748196903804716,0.0,0.0,0.9999999512637298,4.873606335758865E-8,2.0688482917912283E-13
101.59597235208544,0.0,100.0,6.046114210798512E-7,0.9999992654975153,1.2989106353744322E-7
99.26258808772896,0.0,100.0,2.8866723941937913E-7,0.9999996745914969,3.6741263603029614E-8
-0.4423841237992503,0.0,0.0,0.9999999518156806,4.818411497874406E-8,2.0454393004192375E-13
192.4609354785022,1.0,200.0,6.153938214236936E-9,2.2375070448938034E-4,0.9997762431415724
-0.0944177725018006,0.0,0.0,0.9999999544180855,4.558172090080575E-8,1.935006239933314E-13
-1.1322296859808132,0.0,0.0,0.9999999229739918,7.702568146879724E-8,3.2676747415254795E-13
-0.93333360594544,1.0,0.0,0.999999935910606,6.40891221252355E-8,2.719670149980533E-13
-4.505973904428887,1.0,0.0,0.9999942070477792,5.792929788119854E-6,2.2432753949177894E-11
199.9783415061404,0.0,200.0,8.576526003757712E-12,3.0340493034776126E-7,0.999999696586493
-0.5856466716596193,0.0,0.0,0.9999999489236701,5.107611291784219E-8,2.1680809514345152E-13
-0.6520286402669745,0.0,0.0,0.9999999471574749,5.284230059133342E-8,2.2429677440200675E-13
101.24100565146794,0.0,100.0,3.812555121875044E-7,0.9999995431100281,7.563445956729308E-8
100.02098043934282,0.0,100.0,2.0148599547785995E-7,0.9999997681132232,3.0400781332240344E-8
100.08346411448595,0.0,100.0,2.0075186963747766E-7,0.9999997685305784,3.0717552019378916E-8
100.53397268711753,0.0,100.0,2.1969576067371604E-7,0.9999997431132933,3.719094599970583E-8
99.23769111724395,0.0,100.0,2.949707127230513E-7,0.9999996676948277,3.733445947507244E-8
100.59429014860216,0.0,100.0,2.258388696970264E-7,0.9999997354094524,3.875167785792301E-8
-0.355448312540305,0.0,0.0,0.9999999530197186,4.698008205482408E-8,1.9943684120580764E-13
-0.7376186505428327,0.0,0.0,0.9999999444288465,5.557091744785548E-8,2.358646803300502E-13
99.80999891793144,0.0,100.0,2.1009247748058183E-7,0.9999997596734469,3.02340755304074E-8
0.6390672228258089,0.0,0.0,0.9999999394368787,6.05628642584865E-8,2.5706986276764246E-13
-0.15752682221166375,0.0,0.0,0.999999954372118,4.562768825689678E-8,1.9369737930457227E-13
99.93329237118014,0.0,100.0,2.0389919986682784E-7,0.9999997659351375,3.016566282216844E-8
-5.9891322267994065,1.0,0.0,0.9999939794212404,6.020554709752005E-6,2.4049717051985214E-11
198.81569445430955,0.0,200.0,1.977625893105747E-11,7.001310724201866E-7,0.9999992998491515
0.39333211697042,0.0,0.0,0.9999999481657621,5.183401802751325E-8,2.2004077975114273E-13
0.9116217201690152,0.0,0.0,0.999999922747788,7.725188418725546E-8,3.2783258916876293E-13
0.5602183566965993,0.0,0.0,0.9999999427666255,5.723313152582E-8,2.4294647804518957E-13
-0.9659469339814136,0.0,0.0,0.9999999341257805,6.58739400143244E-8,2.795296411068819E-13
201.12600828782269,0.0,200.0,1.4267743217041391E-11,5.050597529626746E-7,0.9999994949259793
100.0725138277821,0.0,100.0,2.008231689964878E-7,0.9999997685237557,3.065307515765004E-8
100.4894232415367,0.0,100.0,2.157718352571062E-7,0.9999997480646841,3.616348080500792E-8
99.91507442051872,0.0,100.0,2.0460507168501952E-7,0.9999997652482848,3.014664346195897E-8
-0.5744960303776667,0.0,0.0,0.9999999491924759,5.080730836544394E-8,2.1566828379831554E-13
1.012325023551086,0.0,0.0,0.9999999138823763,8.611725857722758E-8,3.6540723550561996E-13
98.7777213809779,0.0,100.0,4.911263722822254E-7,0.9999994528067223,5.60669055171338E-8
-0.23094055626551735,0.0,0.0,0.9999999540871165,4.5912688533368344E-8,1.9490783597269305E-13
101.22153252916321,0.0,100.0,3.73036122367807E-7,0.9999995532826589,7.368121876208446E-8
0.5037095185678933,0.0,0.0,0.9999999448283068,5.51714588375423E-8,2.3420064833706367E-13
199.33796156998181,0.0,200.0,1.1496743763166957E-11,4.067541172047327E-7,0.999999593234386
99.52919790194854,0.0,100.0,2.3814715155288955E-7,0.999999729673595,3.217925344601561E-8
-1.5386730829949238,1.0,0.0,0.9999998735622937,1.2643717049989957E-7,5.357830186261419E-13
-0.15247228906556975,0.0,0.0,0.9999999543825528,4.561725366285969E-8,1.9365299149509974E-13
0.5976264520944389,0.0,0.0,0.9999999412560688,5.874368192952239E-8,2.49353867024006E-13
198.23366460133684,0.0,200.0,4.9381749631035956E-11,1.7520843400979946E-6,0.9999982478662782
100.77786788944529,0.0,100.0,2.511871151122206E-7,0.9999997038996642,4.491322092403614E-8
199.08182770221728,0.0,200.0,1.4502766451531642E-11,5.132237130411011E-7,0.9999994867617842
-0.8352594423162698,0.0,0.0,0.9999999406149306,5.9384817187470345E-8,2.5203084303411983E-13
1.3423433786939076,0.0,0.0,0.999999868153031,1.3184640982883717E-7,5.590715231622664E-13
100.05836878933637,0.0,100.0,2.0095128058584626E-7,0.9999997684732587,3.0575460829470065E-8
100.15380650267906,0.0,100.0,2.008729406277659E-7,0.9999997679021528,3.122490643055319E-8
1.335854878846345,0.0,0.0,0.999999869386021,1.3061342503008326E-7,5.538530255252496E-13
-0.8246121101140441,0.0,0.0,0.9999999410704634,5.892928635879437E-8,2.5010012556315484E-13
-0.4080154165950673,0.0,0.0,0.999999952338686,4.766111157304271E-8,2.0232565027129128E-13
2.408110572025765,0.0,0.0,0.9999989799437022,1.0200520187959696E-6,4.279070450022815E-12
0.9425639658011612,0.0,0.0,0.9999999202109782,7.97886832384727E-8,3.385854862518802E-13
1.1781191527025638,0.0,0.0,0.9999998947454022,1.052541513526109E-7,4.464829064975461E-13
201.1120758665251,0.0,200.0,1.4068827134812542E-11,4.980061745639773E-7,0.9999995019797566
0.9566703480236683,0.0,0.0,0.9999999190014437,8.099821262170111E-8,3.437121050309345E-13
0.5417237948533202,0.0,0.0,0.999999943469698,5.653006205430866E-8,2.399640810225207E-13
0.7618076726676313,0.0,0.0,0.9999999330389844,6.696073154582131E-8,2.8420200272828807E-13
-0.23436098547440887,0.0,0.0,0.9999999540677087,4.593209621402771E-8,1.949902180703461E-13
99.21693013389823,0.0,100.0,3.0047439517586733E-7,0.9999996616712578,3.785434727674361E-8
98.65586904088808,0.0,100.0,5.820534307289612E-7,0.9999993532917296,6.465483975111221E-8
200.94913131024808,0.0,200.0,1.21086255855553E-11,4.285159706714792E-7,0.9999995714719209
1.0380751817415415,0.0,0.0,0.9999999113137459,8.86858779418576E-8,3.7629210756085313E-13
101.04959390704111,0.0,100.0,3.127287885807283E-7,0.9999996278393279,5.9431883327969375E-8
100.03775161895193,0.0,100.0,2.0121087325628817E-7,0.9999997683154284,3.047369847956083E-8
-0.015825960617430836,0.0,0.0,0.9999999542188523,4.5780953281513484E-8,1.943428862400422E-13
103.43670443229446,1.0,100.0,1.729245365195583E-5,0.9999770642293275,5.6433170205487504E-6
-0.07206982038773897,0.0,0.0,0.9999999543904433,4.560936315906354E-8,1.936171447946437E-13
-0.0848071543746873,0.0,0.0,0.9999999544090151,4.559079143253224E-8,1.9353879154594084E-13
-0.8033091986220952,0.0,0.0,0.9999999419517267,5.804802677716166E-8,2.463648792519117E-13
-0.9974992958283576,0.0,0.0,0.999999932283837,6.771587570612765E-8,2.8733361776295115E-13
0.42924620523598483,0.0,0.0,0.9999999471737303,5.28260453237224E-8,2.2425000105474293E-13
0.27425306184403975,0.0,0.0,0.999999950869119,4.913067258033213E-8,2.0856843680732358E-13
-0.35421339322419015,0.0,0.0,0.9999999530340287,4.696577192873798E-8,1.993761358376746E-13
0.10203827807799,0.0,0.0,0.9999999533670043,4.6632797715422665E-8,1.9796284526671898E-13
98.9622404658095,0.0,100.0,3.903583771414744E-7,0.999999563194701,4.6446921787015975E-8
0.04223599331917966,0.0,0.0,0.9999999538827994,4.61170048522248E-8,1.9577082059852325E-13
1.5561099296835372,0.0,0.0,0.999999816235588,1.8376363348146792E-7,7.786506711514035E-13
-0.4034891869220711,0.0,0.0,0.9999999524029229,4.7596875155936776E-8,2.0205318523251185E-13
3.5346277908298553,0.0,0.0,0.9999903958704226,9.604092056774989E-6,3.752055712863838E-11
100.19364593826275,0.0,100.0,2.01386861057109E-7,0.9999997670273325,3.158580643115258E-8
98.86059729800583,0.0,100.0,4.4116946484723935E-7,0.9999995075213947,5.130914064958855E-8
98.43532447165501,0.0,100.0,8.207197920638078E-7,0.999999092517065,8.676314277592392E-8
101.75697166805861,0.0,100.0,7.747559737444671E-7,0.999999052672809,1.725712172296061E-7
100.30532400254546,0.0,100.0,2.0457230507068268E-7,0.999999762528347,3.2899347930947605E-8
0.4662842495163266,0.0,0.0,0.99999994605747,5.394230091624596E-8,2.2898599503647934E-13
-0.6601914623816099,0.0,0.0,0.999999946919927,5.30798477673267E-8,2.253039197944439E-13
-0.8109115161639758,0.0,0.0,0.9999999416417863,5.835796601568912E-8,2.476785851613088E-13
-1.2578380066547141,0.0,0.0,0.9999999117405012,8.825912473320384E-8,3.743269091370712E-13
100.81968626772952,0.0,100.0,2.5856385342251375E-7,0.9999996947681754,4.6667971213640713E-8
1.551014066631589,0.0,0.0,0.9999998177758067,1.8222342105267427E-7,7.721407940756536E-13
97.93051004180967,0.0,100.0,2.126966797444764E-6,0.9999976722877582,2.0074544446656177E-7
0.6694669973249426,0.0,0.0,0.9999999379988085,6.200092853971292E-8,2.6316897086073656E-13
0.33931900659002334,0.0,0.0,0.9999999494994192,5.050036663539721E-8,2.1438149937409024E-13
-0.19751294117746174,0.0,0.0,0.9999999542479527,4.575185300387791E-8,1.9422496897608018E-13
1.7863361762021337,0.0,0.0,0.9999997244487434,2.755500904043417E-7,1.1661371018590533E-12
0.6293141023527523,0.0,0.0,0.9999999398793501,6.012039478338389E-8,2.5519319627723637E-13
0.4101145209147308,0.0,0.0,0.9999999477129833,5.2286794825980695E-8,2.219619717749391E-13
-1.9152799503432516,0.0,0.0,0.9999997703832444,2.2961578481067514E-7,9.707748557729453E-13
98.55880832816969,0.0,100.0,6.732378359512274E-7,0.9999992535899039,7.317226014376753E-8
-1.2663856354054774,0.0,0.0,0.9999999108692663,8.913035569568993E-8,3.780144561903252E-13
0.49884168961064634,0.0,0.0,0.9999999449941357,5.500563077612985E-8,2.334971496753091E-13
1.0994512571063377,0.0,0.0,0.9999999046269381,9.537265723090735E-8,4.046243998395218E-13
0.8480157048638887,0.0,0.0,0.9999999274957025,7.250398981362272E-8,3.0770510347977305E-13
-19.939973816548754,1.0,0.0,0.9999919513274821,8.048629536619137E-6,4.2981372903703834E-11
-2.4948365731720976,0.0,0.0,0.9999992879962855,7.120007350932255E-7,2.979434881892158E-12
0.4994105923110202,0.0,0.0,0.9999999449748487,5.502491769180725E-8,2.335789716017754E-13
0.3889041267179393,0.0,0.0,0.9999999482821262,5.1717654375751825E-8,2.1954702254213197E-13
99.83185383479558,0.0,100.0,2.0874759080529556E-7,0.9999997610642415,3.018816764747799E-8
-1.4281179507234794,0.0,0.0,0.9999998912277965,1.0877174222950544E-7,4.611096277912546E-13
-2.9033426528754296,1.0,0.0,0.9999983272967603,1.6726963756418707E-6,6.864043867079053E-12
1.506294648316711,0.0,0.0,0.9999998305737657,1.6942551621050647E-7,7.180389616101872E-13
-2.0648293453374778,0.0,0.0,0.9999996990458094,3.009529202351397E-7,1.2703957764824114E-12
-0.8891884778021132,0.0,0.0,0.999999938145815,6.185392258024602E-8,2.6249512452703687E-13
0.3361295716304635,0.0,0.0,0.9999999495724556,5.0427330514132904E-8,2.1407155377729391E-13
0.289243608233798,0.0,0.0,0.9999999505755828,4.9424207274059796E-8,2.0981430416101949E-13
0.29965162580664745,0.0,0.0,0.9999999503641361,4.96356528886611E-8,2.1071172295296737E-13
100.9297395475732,0.0,100.0,2.813616611573392E-7,0.9999996665862046,5.205213428409034E-8
-0.30697636484631136,0.0,0.0,0.9999999535245778,4.647522497819523E-8,1.9729502006639507E-13
-0.7553983748985357,0.0,0.0,0.9999999437929372,5.620682398928268E-8,2.385603472104415E-13
0.15388280064955667,0.0,0.0,0.9999999527775256,4.72222739629552E-8,2.0046660293438042E-13
-1.1237833558761352,0.0,0.0,0.9999999236336202,7.636605557867385E-8,3.239740331231395E-13
1.9062461568122702,0.0,0.0,0.9999996533197725,3.4667876170009167E-7,1.4658124199083818E-12
0.04991612118679099,0.0,0.0,0.999999953826202,4.6173602176671524E-8,1.960114456637228E-13
-0.6855855025689653,0.0,0.0,0.9999999461510998,5.3848671588007703E-8,2.285634626110138E-13
100.88482556871168,0.0,100.0,2.7142911421707316E-7,0.9999996788597117,4.971117410522777E-8
-0.3749232355778508,0.0,0.0,0.9999999527838774,4.721592227016359E-8,2.004372769116271E-13
0.23290210378645246,0.0,0.0,0.9999999516130361,4.8386758415197754E-8,2.0541071621402683E-13
-0.34700116510090145,0.0,0.0,0.9999999531160779,4.6883722898824104E-8,1.9902806926023812E-13
1.580672381352449,0.0,0.0,0.9999998085620709,1.914371179316656E-7,8.110796345073691E-13
-0.833551463569345,0.0,0.0,0.9999999406886922,5.931105608258345E-8,2.517182176323547E-13
199.5136466381702,0.0,200.0,1.0182224469484934E-11,3.6021512122039677E-7,0.9999996397746964
0.7901721278663981,0.0,0.0,0.9999999313197965,6.867991190578623E-8,2.9149168850106557E-13
100.15332529901154,0.0,100.0,2.0086870656829814E-7,0.9999997679104153,3.1220878044968396E-8
199.8258639518867,0.0,200.0,8.85848297662569E-12,3.1337132433584337E-7,0.9999996866198173
0.29848256286467784,0.0,0.0,0.9999999503882019,4.96115875646975E-8,2.1060958606589617E-13
0.5598731986672393,0.0,0.0,0.9999999427800064,5.7219750630747285E-8,2.428897176325488E-13
-0.11160602298427963,0.0,0.0,0.9999999544237166,4.5576089845554977E-8,1.9347726297007341E-13
0.45378399189213864,0.0,0.0,0.9999999464450822,5.355469054066845E-8,2.2734149801794606E-13
101.05267596568632,0.0,100.0,3.136386608144952E-7,0.999999626715311,5.96460283891683E-8
-4.407286980804391,1.0,0.0,0.9999942404225081,5.759555226536357E-6,2.2265350787929017E-11
0.7266810934949872,0.0,0.0,0.9999999350361617,6.496356246793702E-8,2.7573305206569276E-13
198.5157800972059,0.0,200.0,3.0460687555254376E-11,1.0792702815459679E-6,0.9999989206992579
102.18648126088547,0.0,100.0,1.6720580956879519E-6,0.9999979177448393,4.101970648986978E-7
-0.0886354569364389,0.0,0.0,0.9999999544131375,4.558666909820851E-8,1.9352142930445526E-13
201.4452975932136,0.0,200.0,2.0723945828972596E-11,7.341830365471347E-7,0.9999992657962394
-0.12180949769626143,0.0,0.0,0.9999999544206346,4.5579171738859963E-8,1.9349063198104445E-13
-1.1755990513746941,0.0,0.0,0.9999999194074628,8.059219547104654E-8,3.41869794041676E-13
-0.5764626362880143,0.0,0.0,0.9999999491456315,5.0854152682559215E-8,2.1586691912976716E-13
99.65316568752995,0.0,100.0,2.2313123602823303E-7,0.9999997458683181,3.1000446035024736E-8
-1.060859249462008,0.0,0.0,0.9999999282149484,7.178474717279939E-8,3.045703671307333E-13
-0.830074061301251,0.0,0.0,0.9999999408380541,5.916169489467948E-8,2.5108516910267897E-13
200.5611144911892,0.0,200.0,9.418378962574423E-12,3.332030599107021E-7,0.9999996667875217
101.25343522096243,0.0,100.0,3.8667091119604146E-7,0.9999995364060623,7.692302635035334E-8
-1.4274643397081903,0.0,0.0,0.9999998913207907,1.0867874832895569E-7,4.607163786344372E-13
99.54859137529023,0.0,100.0,2.354925972730079E-7,0.9999997325481098,3.195929302132234E-8
97.86232227581225,0.0,100.0,2.4579214359268346E-6,0.9999973136291817,2.2844938213652333E-7
-1.9103430750900154,0.0,0.0,0.9999997723548186,2.2764421893929031E-7,9.624811328863892E-13
201.703120246243,0.0,200.0,3.0052579489712854E-11,1.06587226647944E-6,0.9999989340976809
198.26050760222134,0.0,200.0,4.701792284282061E-11,1.6679346385378863E-6,0.9999983320183434
0.015522613014529658,0.0,0.0,0.9999999540578371,4.594196761206112E-8,1.9502638490985957E-13
2.4382783234421717,0.0,0.0,0.9999989064610835,1.09353433287494E-6,4.583621414572024E-12
-0.749762701711401,0.0,0.0,0.9999999439972019,5.600256029264292E-8,2.376944641828224E-13
98.883167402135,0.0,100.0,4.2896711195174206E-7,0.999999520889626,5.014326215202496E-8
0.1613669036289142,0.0,0.0,0.9999999526812223,4.7318576799112156E-8,2.0087555963786154E-13
102.36463106348056,0.0,100.0,2.390858193836986E-6,0.9999969985753585,6.105664478647474E-7
-0.4066546637538609,0.0,0.0,0.9999999523581105,4.7641687318363666E-8,2.0224326067715936E-13
0.5165410002459416,0.0,0.0,0.9999999443824382,5.56173254657371E-8,2.360921353990632E-13
100.32704932084211,0.0,100.0,2.0549776119934485E-7,0.99999976129261,3.3209628784270696E-8
198.91142063394375,0.0,200.0,1.754754597475223E-11,6.21120443293829E-7,0.9999993788620092
0.6715663156910856,0.0,0.0,0.9999999378961255,6.210361094193983E-8,2.636044540524777E-13
199.5110645734663,0.0,200.0,1.0198125203268859E-11,3.6077797653363515E-7,0.9999996392118253
1.2509425405786654,0.0,0.0,0.9999998840639636,1.1593554470762359E-7,4.917166837019296E-13
-0.5702716401266537,0.0,0.0,0.9999999492922893,5.070749540466251E-8,2.1524504186607637E-13
0.3414259561534489,0.0,0.0,0.9999999494508287,5.054895665604471E-8,2.1458770100816079E-13
0.06119964362369052,0.0,0.0,0.9999999537379313,4.6261872202600394E-8,1.963866675489184E-13
99.63790266496063,0.0,100.0,2.2473985665841085E-7,0.9999997441429264,3.111721692458772E-8
1.9712212773350546,0.0,0.0,0.9999996053945108,3.9460382166727476E-7,1.6674406633157029E-12
-1.1452714826466097,0.0,0.0,0.9999999219335344,7.806613437322016E-8,3.3117350253674134E-13
200.0607987056058,0.0,200.0,8.511853810436624E-12,3.011141420042339E-7,0.9999996988773461
-0.2901486518549604,0.0,0.0,0.9999999536729346,4.632686880177326E-8,1.9666555035041895E-13
1.6667783637085012,0.0,0.0,0.9999997780663605,2.2193269957308632E-7,9.398942426584681E-13
100.81862793582174,0.0,100.0,2.583689596241987E-7,0.9999996950093158,4.662172461790172E-8
99.26592032164476,0.0,100.0,2.878473940992734E-7,0.9999996754882939,3.666431179096515E-8
100.01712667778972,0.0,100.0,2.015573467420968E-7,0.9999997680573847,3.038526870260073E-8
199.91398846106333,0.0,200.0,8.66961642542152E-12,3.0669354896662014E-7,0.9999996932977814
-0.5140604443373946,0.0,0.0,0.999999950517586,4.9482204096825387E-8,2.1004912949392116E-13
-21.93665210845479,1.0,0.0,0.9999916200647553,8.379888652746013E-6,4.6592181730368385E-11
0.083704378942334,0.0,0.0,0.9999999535435612,4.645624154566553E-8,1.9721269810557027E-13
1.0811525377845175,0.0,0.0,0.9999999067078785,9.329172591637909E-8,3.9580795723575154E-13
-0.596665434190178,0.0,0.0,0.9999999486503524,5.134942962909592E-8,2.1796701866798068E-13
99.3954386859209,0.0,100.0,2.5995174521307243E-7,0.9999997059609849,3.408726989727316E-8
99.9961630317793,0.0,100.0,2.020005699988598E-7,0.999999767690209,3.03092209202088E-8
1.4180288371686507,0.0,0.0,0.9999998524415284,1.4755784609918062E-7,6.255535454437439E-13
0.42987216931359246,0.0,0.0,0.9999999471556642,5.2844111446326435E-8,2.243266537907598E-13
-1.0224953042070346,0.0,0.0,0.9999999307397316,6.925997455386793E-8,2.938751890112432E-13
251.56122856008628,1.0,200.0,6.3433467433644976E-9,9.733082413629445E-5,0.999902662832517
0.17729281953558704,0.0,0.0,0.9999999524667023,4.753309597801174E-8,2.0178646833100654E-13
8.924315685182165,1.0,0.0,0.9999525748607541,4.742493760041644E-5,2.0164528065424505E-10
-0.8746756396849646,0.0,0.0,0.9999999388376147,6.116212575734278E-8,2.595633569364117E-13
0.04486415681951125,0.0,0.0,0.9999999538637485,4.6136055882289785E-8,1.958518203274833E-13
100.38363884742132,0.0,100.0,2.08392760544967E-7,0.999999757499534,3.4107705577131204E-8
-0.17139278129365698,0.0,0.0,0.9999999543374399,4.566236622794345E-8,1.938448094680915E-13
-0.31212831108157696,0.0,0.0,0.9999999534764077,4.65233948946354E-8,1.9749939381735584E-13
200.4224648313442,0.0,200.0,8.929861669823507E-12,3.159041403369758E-7,0.9999996840869297
-0.45860580025583225,0.0,0.0,0.9999999515468351,4.8452959305496396E-8,2.0568415797178817E-13
101.42940644679356,0.0,100.0,4.797512933525501E-7,0.9999994209642153,9.928449129392475E-8
200.9005440087463,0.0,200.0,1.163769348021161E-11,4.118262954128353E-7,0.9999995881620668
0.5180316649292127,0.0,0.0,0.9999999443298104,5.5669953233838754E-8,2.363153938362401E-13
101.0986010899504,0.0,100.0,3.2787772346034075E-7,0.9999996091225346,6.299974191880952E-8
98.94277445233972,0.0,100.0,3.992995450929225E-7,0.9999995533967102,4.730374467127289E-8
100.48419422570936,0.0,100.0,2.1534405375880764E-7,0.9999997486064719,3.604947437357073E-8
200.40648931641937,0.0,200.0,8.88624410756958E-12,3.143598268215433E-7,0.9999996856312869
-0.08563310945055815,0.0,0.0,0.9999999544099615,4.558984499010237E-8,1.9353480379414474E-13
-0.8596963291419172,0.0,0.0,0.9999999395302486,6.046949451077281E-8,2.5662795442539655E-13
-0.856505781192059,0.0,0.0,0.9999999396750212,6.032472291831316E-8,2.5601439334284145E-13
101.18636482467697,0.0,100.0,3.5897461811408466E-7,0.9999995706788605,7.034652127854514E-8
200.60660514280443,0.0,200.0,9.62476882259339E-12,3.405126063139943E-7,0.9999996594777689
-9.759306363871666,1.0,0.0,0.9999934782216219,6.521750157869649E-6,2.8220458077090002E-11
1.1919112630565971,0.0,0.0,0.9999998928434471,1.071560979817823E-7,4.545382997509447E-13
-1.0411982457167652,0.0,0.0,0.9999999295329434,7.046675763394668E-8,2.9898739426643856E-13
-0.3185641861828582,0.0,0.0,0.9999999534144124,4.658538993689702E-8,1.977624184420367E-13
-0.47825238228897776,0.0,0.0,0.9999999512019256,4.8797866961740334E-8,2.0714693962144315E-13
99.97301687390804,0.0,100.0,2.0260352538511812E-7,0.9999997671542116,3.024226311855791E-8
100.51414148839777,0.0,100.0,2.1788660758114227E-7,0.9999997453924266,3.672096580567791E-8
200.3525787601766,0.0,200.0,8.757190695516406E-12,3.097909463497071E-7,0.9999996902002964
0.526811118081346,0.0,0.0,0.9999999440163029,5.598345922775441E-8,2.3764534237072933E-13
99.43561612524114,0.0,100.0,2.527227379273584E-7,0.9999997138378991,3.343936294367359E-8
1.032565362929124,0.0,0.0,0.9999999118745813,8.812504455701062E-8,3.7391557059770364E-13
0.32200041545810976,0.0,0.0,0.9999999498885607,5.0111226510964754E-8,2.12730065409757E-13
99.8990953329406,0.0,100.0,2.0528277469818769E-7,0.9999997645789492,3.013827612584235E-8
101.12417744984705,0.0,100.0,3.3638853484271963E-7,0.999999598604447,6.50070183132019E-8
100.80912646082992,0.0,100.0,2.5663864996903616E-7,0.9999996971504581,4.621089177836998E-8
100.59731975957506,0.0,100.0,2.2617370141206819E-7,0.9999997349907828,3.88355158861905E-8
-0.20107462718017746,0.0,0.0,0.9999999542332974,4.5766508401274623E-8,1.9428720724174879E-13
147.19851957148228,1.0,200.0,5.181428584272607E-5,0.8507071416252,0.1492410440889572
0.8528834218709362,0.0,0.0,0.9999999271532594,7.284643141833732E-8,3.0915689790174257E-13
1.3488962706641021,0.0,0.0,0.9999998668905146,1.3310892096271534E-7,5.644148071907759E-13
0.8194546140304471,0.0,0.0,0.9999999294392298,7.056047077609086E-8,2.9946517757732387E-13
1.9765355018378652,0.0,0.0,0.9999996011326309,3.988656838715144E-7,1.6853599779207612E-12
99.68344862563517,0.0,100.0,2.2012650215273006E-7,0.9999997490820535,3.079144446084793E-8
-0.1825918260723843,0.0,0.0,0.9999999543029442,4.569686166865794E-8,1.939913869994641E-13
100.55785035249579,0.0,100.0,2.2201036757741426E-7,0.999999740205016,3.7784616333465066E-8
0.01744151373242122,0.0,0.0,0.9999999540463889,4.595341624800978E-8,1.9507509126610194E-13
200.6421349577517,0.0,200.0,9.803230144313579E-12,3.4683344355805547E-7,0.9999996531567532
-0.7976958683267259,0.0,0.0,0.9999999421773814,5.7822373142701576E-8,2.4540841275043716E-13
1.5120454336290972,0.0,0.0,0.9999998289977144,1.7100156079649754E-7,7.247025038003861E-13
99.87701733050365,0.0,100.0,2.0631024668790083E-7,0.9999997635502652,3.013948822852243E-8
100.19813677770564,0.0,100.0,2.0146509782471632E-7,0.999999766904978,3.162992413036673E-8
100.66142410598637,0.0,100.0,2.3388023758860408E-7,0.9999997253793169,4.0740445306990825E-8
99.75342507519055,0.0,100.0,2.1409268036075587E-7,0.9999997554860999,3.0421219826592625E-8
-1.5261875354426393,0.0,0.0,0.9999998757647576,1.2423471602123575E-7,5.264762363876487E-13
-1.203085634344738,0.0,0.0,0.9999999169829968,8.301665111116437E-8,3.521346888493755E-13
1.2932354826881558,0.0,0.0,0.9999998770791163,1.2292036231422003E-7,5.212888614845767E-13
-0.8650448380103665,0.0,0.0,0.9999999392853983,6.071434392992466E-8,2.576656486466998E-13
98.73346600078897,0.0,100.0,5.215099919759618E-7,0.9999994195428041,5.894720397563384E-8
-0.7232439406198333,0.0,0.0,0.9999999449249855,5.5074780695230394E-8,2.337614479908886E-13
1.9534654297294083,0.0,0.0,0.9999996192438081,3.8075458265738753E-7,1.6091981506305093E-12
199.283157355336,0.0,200.0,1.201629477426671E-11,4.2515182849621327E-7,0.9999995748361553
198.63108251502823,0.0,200.0,2.5538577685164538E-11,9.045349325464102E-7,0.9999990954395288
1.5054365097457585,0.0,0.0,0.9999998308072456,1.6919203733817287E-7,7.170517857565333E-13
197.45300924043252,0.0,200.0,2.585291850147115E-10,9.29378537715298E-6,0.9999907059560936
-0.11919793786734349,0.0,0.0,0.9999999544218793,4.5577927162041975E-8,1.9348527798453183E-13
98.63944906616021,0.0,100.0,5.961834866425185E-7,0.9999993378356793,6.598083404226982E-8
0.530897315046232,0.0,0.0,0.999999943868304,5.6131457580512626E-8,2.382731707784855E-13
101.04098699843065,0.0,100.0,3.102172411330139E-7,0.9999996309419108,5.8840848087248796E-8
0.9283044540413535,0.0,0.0,0.9999999213995178,7.860014873965304E-8,3.335476709070066E-13
1.1698091934677444,0.0,0.0,0.9999998958656727,1.0413388549684775E-7,4.417379956534792E-13
199.4869067570155,0.0,200.0,1.0351456673106984E-11,3.6620574563119595E-7,0.999999633783903
100.25491718658579,0.0,100.0,2.0281234807383586E-7,0.9999997649380591,3.224959279644603E-8
101.8384316561547,0.0,100.0,8.860975502096281E-7,0.9999989128859268,2.0101652307703677E-7
100.5970376417972,0.0,100.0,2.2614241294471506E-7,0.9999997350299009,3.8827686125030124E-8
98.95205280055154,0.0,100.0,3.949941167150222E-7,0.9999995581146776,4.689120555379761E-8
0.009194733696031649,0.0,0.0,0.9999999540943628,4.590544218446933E-8,1.9487097515964305E-13
200.74687859661685,0.0,200.0,1.0425140197359336E-11,3.6886327877288047E-7,0.9999996311262961
-0.44957267863209655,0.0,0.0,0.9999999516983054,4.830148967232557E-8,2.0504174615937088E-13
100.58750977396208,0.0,100.0,2.2509881196588832E-7,0.9999997363352,3.8565987777711005E-8
-0.2572667792115794,0.0,0.0,0.9999999539235236,4.6076281004544857E-8,1.9560218282136146E-13
1.9613058707717774,0.0,0.0,0.9999996132015165,3.867968487530786E-7,1.6346110276193535E-12
0.5943810678131849,0.0,0.0,0.9999999413919447,5.8607806714661724E-8,2.4877753424161815E-13
-1.2932159236358831,0.0,0.0,0.9999999080359578,9.196365210347684E-8,3.900055800188909E-13
200.32434770837398,0.0,200.0,8.700500359432687E-12,3.077841660938529E-7,0.9999996922071334
199.61222778104232,0.0,200.0,9.641512589897108E-12,3.4107670430028746E-7,0.9999996589136543
1.5448277494748557,0.0,0.0,0.9999998196223976,1.8037683819466516E-7,7.643356661294649E-13
-0.057866857244320814,0.0,0.0,0.9999999543609189,4.5638887280967456E-8,1.937418845813931E-13
-0.33627049493666106,0.0,0.0,0.9999999532333543,4.676644710810108E-8,1.985305511733287E-13
0.3934702320163916,0.0,0.0,0.999999948162112,5.183766823381189E-8,2.2005626832613127E-13
-1.3970571334042667,0.0,0.0,0.9999998955132572,1.0448629982649326E-7,4.4298581036097795E-13
199.76429857269642,0.0,200.0,9.034698124531857E-12,3.196044623470362E-7,0.9999996803865029
1.4512666227594448,0.0,0.0,0.9999998446942359,1.5530510563129634E-7,6.583253215664073E-13
100.50878889422496,0.0,100.0,2.1741558724711493E-7,0.9999997459867983,3.6597614366348715E-8
1.1190437383888228,0.0,0.0,0.9999999023117346,9.768785086902389E-8,4.1443273762606497E-13
-2.6199357108349246,0.0,0.0,0.9999990724656822,9.275304537539446E-7,3.864043088699817E-12
-0.7686443249326184,0.0,0.0,0.9999999433028173,5.6696942223258724E-8,2.406379431878703E-13
2.4852699396227713,0.0,0.0,0.9999987805397544,1.2194551411783298E-6,5.1044403827065605E-12
99.86061832583574,0.0,100.0,2.071426628527532E-7,0.9999997627073557,3.01499815931536E-8
-1.2109998254330785,0.0,0.0,0.999999916260042,8.373960287429773E-8,3.5519537239054243E-13
0.6558351116477558,0.0,0.0,0.9999999386548704,6.134486950710422E-8,2.603865393619776E-13
-2.0137158739638905,0.0,0.0,0.9999997261710848,2.7382775854896187E-7,1.156575810369036E-12
0.2280492167399483,0.0,0.0,0.9999999516941396,4.830565530495121E-8,2.050664262197429E-13
-0.037925303388116116,0.0,0.0,0.9999999543037438,4.569606210789895E-8,1.9398367136556004E-13
98.8989089614426,0.0,100.0,4.207815089819186E-7,0.9999995298580403,4.936045048468891E-8
-1.4658033875751515,0.0,0.0,0.9999998856507368,1.143487782825568E-7,4.846906090341659E-13
97.78099066810132,0.0,100.0,2.933091033464034E-6,0.9999967992418297,2.6766713698367434E-7
100.31907304159803,0.0,100.0,2.0514616677532118E-7,0.9999997617602886,3.3093544533301915E-8
-0.3857075835431414,0.0,0.0,0.9999999526449893,4.7354809745779084E-8,2.0102641593511163E-13
-0.5638518643243697,0.0,0.0,0.9999999494418654,5.0557919901128454E-8,2.1461078388268242E-13
-0.7818046846672864,0.0,0.0,0.9999999428017057,5.719805166902705E-8,2.4276207650791063E-13
1.5155490184315954,0.0,0.0,0.9999998280277275,1.719715438821919E-7,7.28803471551423E-13
199.06102544137127,0.0,200.0,1.4821328227081775E-11,5.245099964587637E-7,0.9999994754751822
100.09614103588734,0.0,100.0,2.0069967535466993E-7,0.9999997685033076,3.079701685781149E-8
199.33441862083612,0.0,200.0,1.1528594990141792E-11,4.0788194002414766E-7,0.9999995921065314
-1.1326355704847597,0.0,0.0,0.9999999229420148,7.705765841822194E-8,3.269028907649088E-13
-1.6576294649350154,0.0,0.0,0.9999998494284001,1.5057096228171008E-7,6.377045136707622E-13
-2.1790289824679623,0.0,0.0,0.9999996257423654,3.7425605736903935E-7,1.577328694061674E-12
0.692565392989528,0.0,0.0,0.999999936844266,6.315546586470692E-8,2.6806534859338374E-13
-0.9133115845865454,0.0,0.0,0.9999999369493504,6.30503820830234E-8,2.6756537236131717E-13
200.8649886279656,0.0,200.0,1.132149437360464E-11,4.006214434055783E-7,0.999999599367235
200.29699465229692,0.0,200.0,8.652539228903958E-12,3.0608655696384537E-7,0.9999996939047903
98.84611658070531,0.0,100.0,4.4929874744904344E-7,0.9999994986161596,5.2085093136103874E-8
